Economy,Adult population,Year,Total LLC,Business density rate
Afghanistan,14039528.0,2009.0,4289.0,0.305494600673185
Afghanistan,14444996.0,2010.0,9048.0,0.6263760820702201
Afghanistan,15041824.0,2011.0,12793.0,0.8504952590856002
Afghanistan,15743958.0,2012.0,16350.0,1.0384936240302471
Afghanistan,16519812.0,2013.0,19541.0,1.182882710771769
Afghanistan,17322062.0,2014.0,22007.0,1.2704607569237425
Afghanistan,18116800.0,2015.0,24262.0,1.3391989755365186
Afghanistan,18826589.0,2016.0,26710.0,1.418738147414808
Afghanistan,19513959.0,2017.0,29732.0,1.5236272659996877
Afghanistan,20193609.0,2018.0,34006.0,1.6839981402036655
Albania,1960789.0,2006.0,23667.0,12.070141152362647
Albania,1959058.0,2007.0,25926.0,13.23391140027503
Albania,1955065.0,2008.0,28649.0,14.65373274034367
Albania,1951106.0,2009.0,30453.0,15.608070499501308
Albania,1948797.0,2010.0,32420.0,16.635904098785048
Albania,1961405.0,2011.0,34158.0,17.415067260458702
Albania,1972618.0,2012.0,35800.0,18.14847071252518
Albania,1979460.0,2013.0,37700.0,19.045598294484353
Albania,1981897.0,2014.0,39848.0,20.105989362716628
Albania,1979179.0,2015.0,42085.0,21.263867492530995
Albania,1974734.0,2016.0,44630.0,22.60051227152619
Albania,1972416.0,2017.0,47463.0,24.06338216684513
Albania,1965829.0,2018.0,50477.0,25.677207936193838
Albania,1952204.0,2019.0,53490.0,27.399800430692697
Albania,1931355.0,2020.0,56261.0,29.13032560042043
Algeria,22354242.0,2006.0,45055.0,2.0155011294947958
Algeria,22845303.0,2007.0,51909.0,2.2721957331885685
Algeria,23315424.0,2008.0,53825.0,2.308557631205849
Algeria,23766657.0,2009.0,59346.0,2.4970276635876894
Algeria,24198798.0,2010.0,61674.0,2.5486389861182364
Algeria,24569853.0,2011.0,64940.0,2.643076456338587
Algeria,24959503.0,2012.0,69880.0,2.7997352351126543
Algeria,25342751.0,2013.0,74359.0,2.934132920297406
Algeria,25690645.0,2014.0,79245.0,3.084585848272786
Algeria,25993585.0,2015.0,83504.0,3.2124849265693824
Algeria,26300650.0,2016.0,88692.0,3.3722360473980677
Algeria,26564898.0,2017.0,95262.0,3.5860103810675277
Algeria,26810324.0,2018.0,101047.0,3.768958554920858
Argentina,24749593.0,2006.0,14668.0,0.5926562105485936
Argentina,25080395.0,2007.0,17076.0,0.6808505208949062
Argentina,25420355.0,2008.0,19585.0,0.7704455740291589
Argentina,25755689.0,2009.0,21799.0,0.8463761151953653
Argentina,26010395.0,2010.0,26069.0,1.0022531376397783
Argentina,26358138.0,2011.0,31812.0,1.2069137812390238
Argentina,26687229.0,2012.0,36695.0,1.3750022529502783
Argentina,27002574.0,2013.0,42071.0,1.5580366523576603
Argentina,27315081.0,2014.0,47345.0,1.7332915835029008
Argentina,27630346.0,2015.0,52325.0,1.8937511676473395
Argentina,27924237.0,2016.0,58224.0,2.085070399595878
Argentina,28225466.0,2017.0,64462.0,2.283824118262565
Argentina,28530443.0,2018.0,70170.0,2.4594781090500417
Armenia,1987008.0,2006.0,25230.0,12.697482848584404
Armenia,1990071.0,2007.0,28520.0,14.331146979178131
Armenia,1994590.0,2008.0,31864.0,15.975212951032544
Armenia,1998528.0,2009.0,34439.0,17.23218288660454
Armenia,2001042.0,2010.0,36966.0,18.473375371431484
Armenia,2004811.0,2011.0,39569.0,19.73702259215457
Armenia,2009727.0,2012.0,42770.0,21.28149743721411
Armenia,2014464.0,2013.0,45010.0,22.34341244122506
Armenia,2018089.0,2014.0,48190.0,23.879026148004375
Armenia,2019881.0,2015.0,51318.0,25.406447211494143
Armenia,2018926.0,2016.0,54411.0,26.950467723928465
Armenia,2015678.0,2017.0,47892.0,23.75974734059706
Armenia,2010512.0,2018.0,52688.0,26.20625989797624
Armenia,2003872.0,2019.0,59419.0,29.652093546893216
Armenia,1996176.0,2020.0,64808.0,32.46607513565938
Australia,13967584.0,2006.0,1501582.0,107.50477677456603
Australia,14083094.0,2007.0,1583899.0,112.46811247585225
Australia,14382253.0,2008.0,1649248.0,114.67243692625904
Australia,14679103.0,2009.0,1709185.0,116.4366106021601
Australia,14891504.0,2010.0,1778452.0,119.42729223320895
Australia,15042394.0,2011.0,1854241.0,123.26767933348907
Australia,15250481.0,2012.0,1938110.0,127.08517193654417
Australia,15455787.0,2013.0,2036459.0,131.76029146882007
Australia,15623408.0,2014.0,2150464.0,137.64372024336816
Australia,15780014.0,2015.0,2280924.0,144.54511890800603
Australia,15943398.0,2016.0,2404461.0,150.8123299688059
Australia,16121831.0,2017.0,2529551.0,156.90221538732172
Australia,16276948.0,2018.0,2631647.0,161.6793885438474
Australia,16437853.0,2019.0,2714713.0,165.15009594014498
Australia,16566733.0,2020.0,2807351.0,169.4571283306129
Austria,5601862.0,2006.0,71872.0,12.830019732724583
Austria,5614453.0,2007.0,74610.0,13.288917014711853
Austria,5627244.0,2008.0,77492.0,13.77086189971503
Austria,5636777.0,2009.0,79619.0,14.124915709810766
Austria,5644039.0,2010.0,81688.0,14.47332309362143
Austria,5658054.0,2011.0,83451.0,14.749063900768709
Austria,5678351.0,2012.0,85390.0,15.037816436497145
Austria,5704617.0,2013.0,87913.0,15.410850544392375
Austria,5740267.0,2014.0,91646.0,15.965459446398572
Austria,5794026.0,2015.0,94272.0,16.270551771773203
Austria,5846595.0,2016.0,96503.0,16.505846565394044
Austria,5877874.0,2017.0,99056.0,16.852351717644847
Austria,5896670.0,2018.0,101983.0,17.29501566138176
Austria,5910700.0,2019.0,104991.0,17.762870725971542
Austria,5919581.0,2020.0,108825.0,18.383902509316115
Azerbaijan,6124539.0,2008.0,29797.0,4.865182505981267
Azerbaijan,6323530.0,2009.0,34236.0,5.414064612645152
Azerbaijan,6452695.0,2010.0,37578.0,5.8236132344702485
Azerbaijan,6565755.0,2011.0,41547.0,6.327832823490977
Azerbaijan,6665639.0,2012.0,45985.0,6.89881345209364
Azerbaijan,6749582.0,2013.0,52839.0,7.828484786168981
Azerbaijan,6822750.0,2014.0,59472.0,8.716719797735518
Azerbaijan,6888625.0,2015.0,64541.0,9.369213740042461
Azerbaijan,6930695.0,2016.0,71639.0,10.336481406265895
Azerbaijan,6969033.0,2017.0,82582.0,11.849850617725586
Azerbaijan,7001102.0,2018.0,94109.0,13.442026698082673
Azerbaijan,7028194.0,2019.0,109742.0,15.61453767497027
Azerbaijan,7051107.0,2020.0,118906.0,16.863451370118195
Bahrain*,705697.0,2006.0,8045.0,11.400076803500651
Bahrain*,776279.0,2007.0,9461.0,12.187628417102614
Bahrain*,847089.0,2008.0,11044.0,13.037591091372926
Bahrain*,910966.0,2009.0,12171.0,13.360542544946792
Bahrain*,963018.0,2010.0,13534.0,14.053735236516866
Bahrain*,990589.0,2011.0,14741.0,14.881045519382912
Bahrain*,1006064.0,2012.0,16087.0,15.990036419154249
Bahrain*,1015656.0,2013.0,17520.0,17.249935017368085
Bahrain*,1029179.0,2014.0,18959.0,18.421479645426114
Bahrain*,1053941.0,2015.0,20526.0,19.475473484758638
Bahrain*,1101676.0,2016.0,24756.0,22.471216582733945
Bahrain*,1162186.0,2017.0,28933.0,24.89532656562719
Bahrain*,1229175.0,2018.0,32757.0,26.649582036731957
Bangladesh,100611229.0,2014.0,134133.0,1.333181209823011
Bangladesh,102533152.0,2015.0,141689.0,1.3818847585998333
Bangladesh,104440785.0,2016.0,149792.0,1.4342289748205166
Bangladesh,106391908.0,2017.0,157421.0,1.4796332066908697
Bangladesh,108341203.0,2018.0,161894.0,1.494297603470399
Belarus,6722301.0,2006.0,28675.0,4.265652490122058
Belarus,6727786.0,2007.0,31475.0,4.6783592700481265
Belarus,6740078.0,2008.0,35433.0,5.2570608233317175
Belarus,6751254.0,2009.0,39184.0,5.80395879047063
Belarus,6751613.0,2010.0,43339.0,6.419058675312106
Belarus,6723813.0,2011.0,47124.0,7.008523288794617
Belarus,6689976.0,2012.0,52134.0,7.792853068531188
Belarus,6653923.0,2013.0,58448.0,8.78399103806882
Belarus,6618651.0,2014.0,63040.0,9.524599499203084
Belarus,6587087.0,2015.0,64706.0,9.823158552483063
Belarus,6562720.0,2016.0,69113.0,10.531151717580515
Belarus,6526921.0,2017.0,73208.0,11.216314706428959
Belarus,6476178.0,2018.0,76933.0,11.879383179399948
Belarus,6381802.0,2019.0,65865.0,10.32075266515633
Belgium,6918110.0,2006.0,443314.0,64.08021844116385
Belgium,6977859.0,2007.0,456866.0,65.47366462979546
Belgium,7043441.0,2008.0,470014.0,66.73073572987975
Belgium,7105641.0,2009.0,479619.0,67.49834392139992
Belgium,7167469.0,2010.0,491610.0,68.5890654009107
Belgium,7246345.0,2011.0,502985.0,69.41223471971043
Belgium,7271587.0,2012.0,508583.0,69.94112839466818
Belgium,7282454.0,2013.0,512195.0,70.33274772487407
Belgium,7291041.0,2014.0,511428.0,70.14471596031349
Belgium,7311715.0,2015.0,518378.0,70.89690995888105
Belgium,7321395.0,2016.0,527335.0,72.02657417063278
Belgium,7323263.0,2017.0,535457.0,73.11727026600028
Belgium,7331122.0,2018.0,577923.0,78.83145308453467
Belgium,7345506.0,2019.0,588461.0,80.11170367296684
Belgium,7362533.0,2020.0,605147.0,82.192772514568
Bhutan,401992.0,2006.0,72.0,0.1791080419510836
Bhutan,410782.0,2007.0,83.0,0.2020536440252981
Bhutan,419206.0,2008.0,104.0,0.24808805217482574
Bhutan,427709.0,2009.0,117.0,0.2735504747386658
Bhutan,436573.0,2010.0,135.0,0.30922663563710995
Bhutan,446293.0,2011.0,158.0,0.35402751107456315
Bhutan,456420.0,2012.0,240.0,0.5258314710135402
Bhutan,466741.0,2013.0,263.0,0.5634816739905001
Bhutan,476945.0,2014.0,292.0,0.6122299216890836
Bhutan,486795.0,2015.0,336.0,0.6902289464764428
Bhutan,496649.0,2016.0,386.0,0.7772088537377504
Bhutan,505907.0,2017.0,458.0,0.9053047299207166
Bhutan,514691.0,2018.0,505.0,0.9811712270080496
Bolivia,6480521.0,2014.0,45993.0,7.097114568412016
Bolivia,6613026.0,2015.0,49672.0,7.511236157244808
Bolivia,6742201.0,2016.0,53048.0,7.86805377057136
Bolivia,6874595.0,2017.0,58731.0,8.543194180893565
Bolivia,7008805.0,2018.0,60324.0,8.606888050102693
Bosnia and Herzegovina,2616738.0,2009.0,42256.0,16.14834958639344
Bosnia and Herzegovina,2605074.0,2010.0,40194.0,15.429120247639798
Bosnia and Herzegovina,2572147.0,2011.0,37425.0,14.550101529966987
Bosnia and Herzegovina,2534303.0,2012.0,34508.0,13.616367103696756
Bosnia and Herzegovina,2494032.0,2013.0,33784.0,13.545936860473322
Bosnia and Herzegovina,2452272.0,2014.0,31207.0,12.725749835254817
Bosnia and Herzegovina,2410083.0,2015.0,30922.0,12.830263522044676
Bosnia and Herzegovina,2370397.0,2016.0,31573.0,13.31970973638593
Bosnia and Herzegovina,2327792.0,2017.0,32145.0,13.809223504505558
Bosnia and Herzegovina,2285649.0,2018.0,33099.0,14.481226120021054
Bosnia and Herzegovina,2248148.0,2019.0,34334.0,15.272126212331218
Bosnia and Herzegovina,2216576.0,2020.0,34583.0,15.601991540105098
Botswana,1112867.0,2006.0,81764.0,73.4714929996127
Botswana,1142617.0,2007.0,88727.0,77.65244171931627
Botswana,1172970.0,2008.0,96952.0,82.65514037017145
Botswana,1201370.0,2009.0,107907.0,89.81995555074623
Botswana,1226338.0,2010.0,119600.0,97.5261306426124
Botswana,1243364.0,2011.0,131953.0,106.12580065049333
Botswana,1256436.0,2012.0,148147.0,117.91050240521602
Botswana,1267950.0,2013.0,163239.0,128.74245829882884
Botswana,1281343.0,2014.0,181860.0,141.92921021147342
Botswana,1298871.0,2015.0,205372.0,158.1157790111566
Botswana,1324650.0,2016.0,231985.0,175.12927943230287
Botswana,1355556.0,2017.0,191944.0,175.12927943230287
Botswana,1389929.0,2018.0,212737.0,153.05601940818562
Botswana,1425281.0,2019.0,230114.0,161.45167163527753
Brazil ,148150775.0,2020.0,4238155.0,28.60703901143953
Brunei Darussalam,284506.0,2012.0,9154.0,32.17506836411183
Brunei Darussalam,289077.0,2013.0,9629.0,33.309464260387365
Brunei Darussalam,293594.0,2014.0,10080.0,34.33312669877449
Brunei Darussalam,298063.0,2015.0,10567.0,35.45223660769703
Brunei Darussalam,301477.0,2016.0,11240.0,37.28310949093961
Brunei Darussalam,305356.0,2017.0,11924.0,39.049502875332394
Brunei Darussalam,309282.0,2018.0,12557.0,40.60048758091321
Brunei Darussalam,312730.0,2019.0,13257.0,42.391200076743516
Brunei Darussalam,315451.0,2020.0,13474.0,42.71344836440525
Bulgaria,5161618.0,2008.0,40574.0,7.860713442955291
Bulgaria,5115270.0,2009.0,63610.0,12.435316219867182
Bulgaria,5060439.0,2010.0,85591.0,16.913749973075458
Bulgaria,4991351.0,2011.0,104656.0,20.967469528790904
Bulgaria,4923015.0,2012.0,116760.0,23.717173317570634
Bulgaria,4854077.0,2013.0,124741.0,25.69819143783669
Bulgaria,4785446.0,2014.0,132220.0,27.629608609103517
Bulgaria,4716474.0,2015.0,140589.0,29.808072725514865
Bulgaria,4651208.0,2016.0,149568.0,32.15680743583172
Bulgaria,4585049.0,2017.0,157979.0,34.455247915562076
Bulgaria,4522903.0,2018.0,166212.0,36.74896410557556
Bulgaria,4468788.0,2019.0,173561.0,38.83849491181949
Bulgaria,4423254.0,2020.0,178822.0,40.42770322482046
Cambodia,8126987.0,2006.0,13186.0,1.6224955201724822
Cambodia,8350588.0,2007.0,14480.0,1.734009629022531
Cambodia,8576109.0,2008.0,17196.0,2.0051051123533994
Cambodia,8797142.0,2009.0,19166.0,2.1786621154915995
Cambodia,9008108.0,2010.0,21702.0,2.409162945204476
Cambodia,9202172.0,2011.0,24769.0,2.691647145912943
Cambodia,9406756.0,2012.0,28099.0,2.9871084144204443
Cambodia,9610514.0,2013.0,31061.0,3.231981140654912
Cambodia,9802044.0,2014.0,34846.0,3.5549728199546955
Cambodia,9976967.0,2015.0,39216.0,3.930653474147003
Cambodia,10146087.0,2016.0,43440.0,4.2814535298189345
Cambodia,10296732.0,2017.0,48869.0,4.746068946924131
Cambodia,10437228.0,2018.0,55876.0,5.353528733874549
Cambodia,10581563.0,2019.0,65326.0,6.173568120324002
Cambodia,10737291.0,2020.0,70676.0,6.582293429506567
Chile,11003318.0,2006.0,882704.0,80.22162042394848
Chile,11183369.0,2007.0,894832.0,80.01452871670423
Chile,11362681.0,2008.0,907133.0,79.83441583900841
Chile,11535330.0,2009.0,920638.0,79.81028717860694
Chile,11697421.0,2010.0,938820.0,80.2587168573312
Chile,11840216.0,2011.0,967828.0,81.74073851355415
Chile,11974750.0,2012.0,997567.0,83.30587277396188
Chile,12103916.0,2013.0,1024927.0,84.67730608837668
Chile,12234050.0,2014.0,1058525.0,86.52286037738934
Chile,12369487.0,2015.0,1085509.0,87.75699428763699
Chile,12531893.0,2016.0,1110983.0,88.65244859655282
Chile,12704687.0,2017.0,1168488.0,91.97298603263503
Chile,12869989.0,2018.0,1258810.0,97.80971840768474
Chile,13005680.0,2019.0,1294136.0,99.50544685091437
China***,26612900.0,2010.0,610758.0,22.949697327236038
China***,26900700.0,2011.0,675444.0,25.10878899062106
China***,27153400.0,2012.0,740358.0,27.265756774473914
China***,27424043.0,2013.0,822362.0,29.986898722409382
China***,27364500.0,2014.0,995620.0,36.383635732427045
China***,27261400.0,2015.0,1185401.0,43.48276317430506
China***,27013000.0,2016.0,1328804.0,49.191278273423904
China***,26731000.0,2017.0,1514928.0,56.673076203658674
China***,26364300.0,2018.0,1643153.0,62.324924234665815
China***,25996976.0,2019.0,1674699.0,64.41899242434967
China***,27035300.0,2020.0,1759734.0,65.09023387940951
Colombia,31271416.0,2013.0,324226.0,10.368126598424581
Colombia,31717551.0,2014.0,360772.0,11.374522578997352
Colombia,32207435.0,2015.0,389195.0,12.084011036582082
Colombia,32767678.0,2016.0,409510.0,12.497376225437762
Colombia,33378033.0,2017.0,432820.0,12.967211099587564
Colombia,33990041.0,2018.0,449461.0,13.223314440838715
Colombia,34539596.0,2019.0,489601.0,14.175064468038364
Colombia,34984968.0,2020.0,452144.0,12.923950652177245
"Congo, Dem. Rep.",38608872.0,2015.0,3879.0,0.10046913569502885
"Congo, Dem. Rep.",39893705.0,2016.0,5444.0,0.1364626323877414
"Congo, Dem. Rep.",41266544.0,2017.0,6908.0,0.16739952829585147
"Congo, Dem. Rep.",42720477.0,2018.0,9010.0,0.21090588478213856
"Congo, Dem. Rep.",44247274.0,2019.0,10490.0,0.23707675189210525
"Congo, Dem. Rep.",45843026.0,2020.0,12285.0,0.26797969226551493
Cook Islands*,8027.0,2006.0,1335.0,166.31369129188985
Cook Islands*,7875.0,2007.0,1299.0,164.95238095238096
Cook Islands*,7720.0,2008.0,1245.0,161.26943005181346
Cook Islands*,7562.0,2009.0,1133.0,149.82808780745836
Cook Islands*,7562.0,2010.0,1035.0,136.8685532927797
Cook Islands*,7562.0,2011.0,1008.0,133.2980692938376
Cook Islands*,7562.0,2012.0,1249.0,165.16794498809838
Cook Islands*,7562.0,2013.0,1115.0,147.44776514149697
Cook Islands*,7562.0,2014.0,1069.0,141.3647183284845
Cook Islands*,6367.0,2015.0,1138.0,178.73409769122037
Cook Islands*,6367.0,2016.0,1054.0,165.54107114810742
Costa Rica,3423989.0,2017.0,321873.0,94.00526695617305
Costa Rica,3455885.0,2018.0,340623.0,98.56317556863148
Costa Rica,3484883.0,2019.0,344881.0,98.96487199139828
Costa Rica,3510806.0,2020.0,342147.0,97.45539913057002
Croatia,2894527.0,2006.0,104965.0,36.263265120691564
Croatia,2894882.0,2007.0,115787.0,39.99713977979068
Croatia,2892514.0,2008.0,125290.0,43.31526139545046
Croatia,2886823.0,2009.0,131373.0,45.50781256765656
Croatia,2877813.0,2010.0,140232.0,48.728670000448254
Croatia,2856126.0,2011.0,151983.0,53.21298850260808
Croatia,2840765.0,2012.0,159447.0,56.12819082183848
Croatia,2829802.0,2013.0,144938.0,51.21842446927382
Croatia,2814384.0,2014.0,157638.0,56.01154639878567
Croatia,2783338.0,2015.0,169952.0,61.06049642551498
Croatia,2753101.0,2016.0,183177.0,66.53479113189091
Croatia,2703200.0,2017.0,181497.0,67.14153595738384
Croatia,2658840.0,2018.0,189183.0,71.15245746265289
Croatia,2625245.0,2019.0,203415.0,77.48419671306868
Croatia,2598553.0,2020.0,214496.0,82.54440067222026
Cyprus,727065.0,2006.0,155846.0,214.34947356838796
Cyprus,743237.0,2007.0,184133.0,247.74466287334997
Cyprus,759205.0,2008.0,207614.0,273.4623718231571
Cyprus,774041.0,2009.0,221089.0,285.62957259369983
Cyprus,787131.0,2010.0,237372.0,301.56606714765394
Cyprus,795452.0,2011.0,254227.0,319.6006798650327
Cyprus,802068.0,2012.0,269345.0,335.8131729479296
Cyprus,807171.0,2013.0,272157.0,337.1739073876539
Cyprus,811525.0,2014.0,251748.0,310.21595144943166
Cyprus,815842.0,2015.0,227840.0,279.2697605663842
Cyprus,819172.0,2016.0,208493.0,254.5167559438067
Cyprus,822807.0,2017.0,217588.0,264.4459757877607
Cyprus,826455.0,2018.0,216239.0,261.6464296301674
Cyprus,829948.0,2019.0,223282.0,269.0313128051396
Cyprus,833248.0,2020.0,229735.0,275.71023272783134
Czech Republic,7286247.0,2006.0,244417.0,33.54497864264003
Czech Republic,7321482.0,2007.0,261449.0,35.709846722289285
Czech Republic,7368581.0,2008.0,280395.0,38.05278112570114
Czech Republic,7384196.0,2009.0,297647.0,40.30865377896254
Czech Republic,7365424.0,2010.0,315289.0,42.806632720668894
Czech Republic,7317324.0,2011.0,332005.0,45.37246129869335
Czech Republic,7258124.0,2012.0,348463.0,48.01006430862851
Czech Republic,7186005.0,2013.0,365149.0,50.81390842338684
Czech Republic,7116772.0,2014.0,384788.0,54.067771174909076
Czech Republic,7054347.0,2015.0,405889.0,57.53743046663284
Czech Republic,7002546.0,2016.0,426962.0,60.97239489751299
Czech Republic,6951850.0,2017.0,447375.0,64.35337356243302
Czech Republic,6908658.0,2018.0,465717.0,67.41063170300224
Czech Republic,6880827.0,2019.0,480140.0,69.7794029700209
Czech Republic,6858148.0,2020.0,491811.0,71.7119257268872
Denmark,3587339.0,2006.0,186027.0,51.856543248352054
Denmark,3595618.0,2007.0,208285.0,57.92745502998372
Denmark,3608862.0,2008.0,226784.0,62.84086229952822
Denmark,3619861.0,2009.0,235452.0,65.04448651481368
Denmark,3627218.0,2010.0,243010.0,66.99624891583578
Denmark,3629632.0,2011.0,247138.0,68.0889963500432
Denmark,3631273.0,2012.0,249760.0,68.78028724361953
Denmark,3632226.0,2013.0,252029.0,69.38692691479
Denmark,3634226.0,2014.0,263461.0,72.49439082764803
Denmark,3643647.0,2015.0,280676.0,77.03161145961725
Denmark,3664797.0,2016.0,301433.0,82.25094050229795
Denmark,3680871.0,2017.0,322286.0,87.55699398321757
Denmark,3692214.0,2018.0,342575.0,92.78308353741143
Dominica*,47833.0,2009.0,18028.0,376.89461250601045
Dominica*,47833.0,2010.0,18818.0,393.41040704116404
Dominica*,47833.0,2011.0,19698.0,411.8077477891832
Dominica*,46082.0,2012.0,20588.0,446.7688034373508
Dominica*,46082.0,2013.0,21333.0,462.93563647411133
Dominica*,46298.0,2014.0,22163.0,478.703183722839
Dominica*,49422.0,2015.0,22896.0,463.2754643680952
Dominica*,49472.0,2016.0,23455.0,474.10656532988355
Dominica*,49641.0,2017.0,23368.0,470.7399125722689
Dominica*,47953.0,2018.0,23635.0,492.8784434759035
Dominica*,47953.0,2019.0,23886.0,498.1127353867328
Dominica*,47953.0,2020.0,24111.0,502.80482972910977
Ecuador,10430610.0,2015.0,298027.0,28.572346200270168
"Egypt, Arab Rep.",53904414.0,2012.0,10298.0,0.19104186903877668
"Egypt, Arab Rep.",54872338.0,2013.0,12748.0,0.23232106494168336
"Egypt, Arab Rep.",55871428.0,2014.0,15629.0,0.2797315293247919
"Egypt, Arab Rep.",56930105.0,2015.0,19208.0,0.3373961808080277
"Egypt, Arab Rep.",57809111.0,2016.0,23375.0,0.40434802742425846
"Egypt, Arab Rep.",58865210.0,2017.0,28555.0,0.4850912788725293
"Egypt, Arab Rep.",60010346.0,2018.0,38741.0,0.6455720151988459
"Egypt, Arab Rep.",61125132.0,2019.0,52056.0,0.8516300627375332
"Egypt, Arab Rep.",62165379.0,2020.0,66614.0,1.071561069385582
El Salvador,3610779.0,2006.0,36824.0,10.198353319325276
El Salvador,3653950.0,2007.0,38854.0,10.633424102683398
El Salvador,3696848.0,2008.0,40682.0,11.004509787797604
El Salvador,3741886.0,2009.0,42454.0,11.345615553226367
El Salvador,3789851.0,2010.0,44312.0,11.692280250595605
El Salvador,3838960.0,2011.0,46093.0,12.006637214245524
El Salvador,3892529.0,2012.0,47949.0,12.3182126581459
El Salvador,3946985.0,2013.0,49938.0,12.652188949286607
El Salvador,3997000.0,2014.0,52020.0,13.014761070803102
El Salvador,4039973.0,2015.0,54178.0,13.410485664136866
El Salvador,4082034.0,2016.0,56396.0,13.815661506004115
El Salvador,4117125.0,2017.0,58545.0,14.219874305492304
El Salvador,4146567.0,2018.0,60906.0,14.688295160792048
El Salvador,4173638.0,2019.0,63523.0,15.220055021542358
El Salvador,4200364.0,2020.0,65294.0,15.544843256441585
Estonia,915809.0,2006.0,82623.0,90.21859361504418
Estonia,910562.0,2007.0,92097.0,101.1430303482904
Estonia,906562.0,2008.0,97900.0,107.99040771618489
Estonia,902296.0,2009.0,104434.0,115.7425057852412
Estonia,896652.0,2010.0,113427.0,126.50058216565624
Estonia,888349.0,2011.0,123201.0,138.68535901993474
Estonia,879415.0,2012.0,132216.0,150.34540006709005
Estonia,870282.0,2013.0,139532.0,160.32964027751925
Estonia,861690.0,2014.0,152491.0,176.9673548491917
Estonia,855639.0,2015.0,161666.0,188.9418317771864
Estonia,852779.0,2016.0,172314.0,202.0617299441004
Estonia,849251.0,2017.0,178380.0,210.04390928005972
Estonia,846284.0,2018.0,197351.0,233.19713004145183
Estonia,843176.0,2019.0,205742.0,244.0083683596307
Estonia,840278.0,2020.0,222981.0,265.3657480024468
Ethiopia,56781160.0,2016.0,69416.0,1.2225181732814194
Ethiopia,58798058.0,2017.0,103625.0,1.7623881387375073
Ethiopia,60855347.0,2018.0,134465.0,2.2095839828174832
Finland,3507533.0,2006.0,179482.0,51.170438025814725
Finland,3523576.0,2007.0,188056.0,53.37078013926761
Finland,3540395.0,2008.0,196429.0,55.482227265601715
Finland,3551641.0,2009.0,205886.0,57.96925984354838
Finland,3553105.0,2010.0,214973.0,60.50285595275118
Finland,3544386.0,2011.0,224276.0,63.27640386797601
Finland,3529791.0,2012.0,233462.0,66.14045987425318
Finland,3510727.0,2013.0,242575.0,69.09537540230272
Finland,3490743.0,2014.0,251644.0,72.0889506904404
Finland,3471884.0,2015.0,261311.0,75.26489940332108
Finland,3455182.0,2016.0,268335.0,77.66161087896383
Finland,3440986.0,2017.0,270553.0,78.62659133167062
Finland,3427018.0,2018.0,272084.0,79.3938053433043
Finland,3414728.0,2019.0,266134.0,77.93710070026074
Finland,3405838.0,2020.0,261316.0,76.72590416807846
France,41357725.0,2006.0,1439524.0,34.80665341239152
France,41606000.0,2007.0,1492254.0,35.86631735807336
France,41819122.0,2008.0,1567817.0,37.49043320421696
France,41971517.0,2009.0,1623797.0,38.688070293003705
France,42053369.0,2010.0,1694547.0,40.29515447383062
France,42065655.0,2011.0,1749709.0,41.59471663997625
France,42019760.0,2012.0,1825971.0,43.45505543106386
France,41950712.0,2013.0,1914498.0,45.63684163453531
France,41868703.0,2014.0,2003901.0,47.86154947288432
France,41770003.0,2015.0,2096050.0,50.18074813161972
France,41682778.0,2016.0,2200554.0,52.79288247054935
France,41637179.0,2017.0,2321665.0,55.75942116539644
France,41609176.0,2018.0,2437033.0,58.5696049352191
France,41564189.0,2019.0,2562781.0,61.65839059195886
Gabon,808602.0,2006.0,1432.0,1.7709577765080966
Gabon,840865.0,2007.0,2451.0,2.914855535668627
Gabon,874922.0,2008.0,3520.0,4.0232157838070135
Gabon,911146.0,2009.0,4529.0,4.970663318502194
Gabon,949721.0,2010.0,5777.0,6.082839065367619
Gabon,992018.0,2011.0,7028.0,7.08454886907294
Gabon,1036950.0,2012.0,8286.0,7.990742080138868
Gabon,1082663.0,2013.0,9707.0,8.965855487811073
Gabon,1127187.0,2014.0,11327.0,10.048909364639586
Gabon,1169403.0,2015.0,12871.0,11.006470823146511
Gabon,1200824.0,2016.0,14046.0,11.696968081917083
Gabon,1230488.0,2017.0,15238.0,12.383704676518585
Gabon,1259066.0,2018.0,16344.0,12.981051033067368
Georgia,2589823.0,2006.0,56199.0,21.699938567230273
Georgia,2588599.0,2007.0,63752.0,24.627993752605175
Georgia,2593319.0,2008.0,72354.0,27.900154203937117
Georgia,2580489.0,2009.0,78802.0,30.537622907906215
Georgia,2567536.0,2010.0,89622.0,34.90583968442896
Georgia,2543624.0,2011.0,103336.0,40.625501253329894
Georgia,2519263.0,2012.0,117694.0,46.71763130725137
Georgia,2503452.0,2013.0,135224.0,54.015016065816326
Georgia,2493684.0,2014.0,152536.0,61.16893720294953
Georgia,2484190.0,2015.0,170589.0,68.66986824679272
Georgia,2469523.0,2016.0,191609.0,77.58947780603785
Georgia,2452928.0,2017.0,216782.0,88.37682965011611
Georgia,2434900.0,2018.0,241794.0,99.30346215450326
Georgia,2414664.0,2019.0,264093.0,109.37049626780372
Georgia,2396506.0,2020.0,281788.0,117.58284769577043
Germany,54784420.0,2006.0,467626.0,8.535747937095984
Germany,54552203.0,2007.0,471033.0,8.634536720726016
Germany,54305247.0,2008.0,489479.0,9.013475254057862
Germany,54049519.0,2009.0,497996.0,9.213699015526855
Germany,53873715.0,2010.0,510743.0,9.480374613111422
Germany,52809101.0,2011.0,528385.0,10.005567032849129
Germany,52878539.0,2012.0,554465.0,10.485633878802894
Germany,53010250.0,2013.0,564962.0,10.65759923788324
Germany,53192333.0,2014.0,575396.0,10.817273233719604
Germany,53557394.0,2015.0,586574.0,10.952250589339728
Germany,53852728.0,2016.0,597965.0,11.103708618066666
Germany,53874035.0,2017.0,609705.0,11.317232874797664
Germany,53819953.0,2018.0,625223.0,11.616936937867633
Germany,53709229.0,2019.0,643135.0,11.974385258816508
Greece,7279540.0,2011.0,51199.0,7.033274080505087
Greece,7214133.0,2012.0,55891.0,7.747431326813631
Greece,7136265.0,2013.0,61250.0,8.582921177955136
Greece,7063412.0,2014.0,67134.0,9.504471776529531
Greece,6992363.0,2015.0,73713.0,10.541929816858765
Greece,6952093.0,2016.0,76702.0,11.032936412099206
Greece,6925566.0,2017.0,82470.0,11.908051991707248
Greece,6898397.0,2018.0,90429.0,13.108697571334327
Greece,6879174.0,2019.0,99937.0,14.527470885312685
Greece,6864347.0,2020.0,109449.0,15.944561077696102
Grenada*,66919.0,2006.0,3871.0,57.84605269056621
Grenada*,67753.0,2007.0,4055.0,59.84974835062654
Grenada*,68590.0,2008.0,4226.0,61.61247995334597
Grenada*,69466.0,2009.0,4309.0,62.030345780669684
Grenada*,70361.0,2010.0,4423.0,62.861528403518996
Grenada*,70954.0,2011.0,4500.0,63.42137159286298
Grenada*,71717.0,2012.0,4558.0,63.555363442419505
Grenada*,72491.0,2013.0,4643.0,64.04933026168766
Grenada*,73141.0,2014.0,4691.0,64.13639408813114
Grenada*,73625.0,2015.0,4781.0,64.93718166383701
Grenada*,74056.0,2016.0,4921.0,66.44971373015015
Grenada*,74321.0,2017.0,5042.0,67.8408525181308
Grenada*,74467.0,2018.0,5191.0,69.70873004149489
"Hong Kong SAR, China*",5064722.0,2006.0,591944.0,116.87591145180328
"Hong Kong SAR, China*",5139327.0,2007.0,655038.0,127.45598791437088
"Hong Kong SAR, China*",5198289.0,2008.0,710766.0,136.73075890932574
"Hong Kong SAR, China*",5229852.0,2009.0,772253.0,147.6624959941505
"Hong Kong SAR, China*",5276866.0,2010.0,863762.0,163.68844689253055
"Hong Kong SAR, China*",5311823.0,2011.0,956392.0,180.04967409493878
"Hong Kong SAR, China*",5362466.0,2012.0,1044644.0,194.80664306309822
"Hong Kong SAR, China*",5365124.0,2013.0,1162931.0,216.75752508236528
"Hong Kong SAR, China*",5370433.0,2014.0,1272693.0,236.98145009908882
"Hong Kong SAR, China*",5369755.0,2015.0,1288666.0,239.98599563667244
"Hong Kong SAR, China*",5359413.0,2016.0,1341223.0,250.2555783627797
"Hong Kong SAR, China*",5338161.0,2017.0,1383946.0,259.2552004332578
"Hong Kong SAR, China*",5306904.0,2018.0,1400950.0,263.9863091550177
"Hong Kong SAR, China*",5268321.0,2019.0,1380185.0,261.97815205261793
"Hong Kong SAR, China*",5172228.0,2020.0,1387919.0,268.3406454626517
Hungary,6930944.0,2006.0,238411.0,34.3980560223831
Hungary,6921074.0,2007.0,257347.0,37.183101928978076
Hungary,6915089.0,2008.0,292165.0,42.25036004598061
Hungary,6912717.0,2009.0,319849.0,46.26965055852858
Hungary,6904786.0,2010.0,350245.0,50.72496091841224
Hungary,6873528.0,2011.0,388426.0,56.510426668808215
Hungary,6826448.0,2012.0,405077.0,59.33935188549008
Hungary,6792201.0,2013.0,413386.0,60.86186200908954
Hungary,6750522.0,2014.0,412636.0,61.12653214077371
Hungary,6701387.0,2015.0,398161.0,59.414715192541486
Hungary,6636894.0,2016.0,385938.0,58.15039384386733
Hungary,6562819.0,2017.0,380082.0,57.914441949412286
Hungary,6493935.0,2018.0,376304.0,57.946992077992775
Hungary,6436478.0,2019.0,375884.0,58.39901884229232
Hungary,6379098.0,2020.0,380870.0,59.70593334668945
Iceland,201363.0,2006.0,25386.0,126.0708273118696
Iceland,207445.0,2007.0,27557.0,132.84002988744004
Iceland,212216.0,2008.0,28662.0,135.0605043917518
Iceland,213605.0,2009.0,30167.0,141.22796751012382
Iceland,213715.0,2010.0,30188.0,141.25353859111434
Iceland,213713.0,2011.0,30004.0,140.39389274400716
Iceland,214157.0,2012.0,30318.0,141.56903580083772
Iceland,215407.0,2013.0,31086.0,144.31285891359147
Iceland,216932.0,2014.0,32119.0,148.0602216362731
Iceland,218248.0,2015.0,33642.0,154.14574245812105
Iceland,220678.0,2016.0,34966.0,158.4480555379331
Iceland,225218.0,2017.0,36503.0,162.0785194789049
Iceland,230583.0,2018.0,37544.0,162.82206407237308
Iceland,234945.0,2019.0,38572.0,164.1745940539275
Iceland,238007.0,2020.0,40004.0,168.07909011079505
India,732023639.0,2006.0,762401.0,1.041497786931441
India,746636061.0,2007.0,805581.0,1.078947350762904
India,761335665.0,2008.0,821735.0,1.0793333844408826
India,776202642.0,2009.0,858192.0,1.1056288056283117
India,791275567.0,2010.0,912822.0,1.1536082220519266
India,805553067.0,2011.0,962561.0,1.1949070017009817
India,820295461.0,2012.0,1048563.0,1.278274780067325
India,835217793.0,2013.0,1131119.0,1.3542802960855984
India,849862019.0,2014.0,1180474.0,1.3890184213538785
India,863969043.0,2015.0,1239909.0,1.4351312816656092
India,877814039.0,2016.0,1317538.0,1.5009306544025323
India,890731260.0,2017.0,1194127.0,1.3406142274607045
India,903115190.0,2018.0,1178740.0,1.305193416135543
India,915551973.0,2019.0,1220450.0,1.333020992790761
India,928266848.0,2020.0,1348386.0,1.4525844620059079
"Iran, Islamic Rep.",57695557.0,2020.0,585548.0,10.14892706556243
Iraq,14991538.0,2006.0,32019.0,2.135804878725585
Iraq,15250619.0,2007.0,35527.0,2.3295447876574715
Iraq,15522351.0,2008.0,40820.0,2.629756278543115
Iraq,15863752.0,2009.0,45527.0,2.869875928468877
Iraq,16308982.0,2010.0,48059.0,2.946781105037702
Iraq,17033717.0,2011.0,50068.0,2.9393467086485
Iraq,17862517.0,2012.0,52476.0,2.9377718716796744
Iraq,18750462.0,2013.0,55520.0,2.960993707781707
Iraq,19638482.0,2014.0,57478.0,2.926804627771128
Iraq,20484555.0,2015.0,59279.0,2.893838797083949
Iraq,21141845.0,2016.0,61299.0,2.8994158267644097
Ireland,2955513.0,2006.0,167574.0,56.69878630207345
Ireland,3034132.0,2007.0,177513.0,58.505364961049814
Ireland,3086191.0,2008.0,180668.0,58.54077080776919
Ireland,3105774.0,2009.0,181307.0,58.377396423564626
Ireland,3110223.0,2010.0,181681.0,58.41413943630409
Ireland,3096398.0,2011.0,181055.0,58.47278030795783
Ireland,3082560.0,2012.0,185549.0,60.19315114709851
Ireland,3072327.0,2013.0,182815.0,59.50375724979796
Ireland,3068647.0,2014.0,188009.0,61.26771831364116
Ireland,3072081.0,2015.0,196585.0,63.99082576273217
Ireland,3095584.0,2016.0,203111.0,65.61314440183178
Ireland,3119517.0,2017.0,213011.0,68.2833271945625
Ireland,3150506.0,2018.0,221092.0,70.17666368513501
Ireland,3188906.0,2019.0,231232.0,72.51138791798819
Ireland,3226081.0,2020.0,249607.0,77.37158490440879
Isle of Man*,49607.0,2006.0,31269.0,630.3344286088657
Isle of Man*,49968.0,2007.0,32714.0,654.6990073647135
Isle of Man*,50249.0,2008.0,31201.0,620.9277796573066
Isle of Man*,50516.0,2009.0,30009.0,594.049410087893
Isle of Man*,50516.0,2010.0,29289.0,579.7965001187742
Isle of Man*,50516.0,2011.0,29084.0,575.7383799192335
Isle of Man*,50516.0,2012.0,28820.0,570.5123129305567
Isle of Man*,50516.0,2013.0,28611.0,566.3750098978542
Isle of Man*,50516.0,2014.0,28303.0,560.2779317443977
Isle of Man*,56075.0,2015.0,28785.0,513.3303611234953
Isle of Man*,56075.0,2016.0,27377.0,488.2211324119483
Israel,4392383.0,2006.0,238570.0,54.31448031740402
Israel,4477347.0,2007.0,252686.0,56.4365460170945
Israel,4559949.0,2008.0,265621.0,58.25087078824785
Israel,4668708.0,2009.0,278175.0,59.582865323768374
Israel,4748577.0,2010.0,292400.0,61.57634171247513
Israel,4818704.0,2011.0,304883.0,63.27074665719247
Israel,4887353.0,2012.0,315071.0,64.46659367555404
Israel,4956123.0,2013.0,323893.0,65.35209073705394
Israel,5027873.0,2014.0,334886.0,66.6058987567904
Israel,5104539.0,2015.0,347284.0,68.03435138804895
Israel,5178968.0,2016.0,360359.0,69.58123703409638
Israel,5256726.0,2017.0,370609.0,70.50186751221197
Israel,5338364.0,2018.0,380744.0,71.32222531097543
Israel,5423867.0,2019.0,379527.0,69.97350783122079
Israel,5507760.0,2020.0,410995.0,74.62108007611079
Italy,38358790.0,2006.0,1120737.0,29.217214620169194
Italy,38478501.0,2007.0,1171707.0,30.45095233829405
Italy,38683286.0,2008.0,1208277.0,31.235117926641497
Italy,38798488.0,2009.0,1251736.0,32.26249435287272
Italy,38823371.0,2010.0,1296213.0,33.387440776330315
Italy,38757674.0,2011.0,1334317.0,34.42716918461103
Italy,38712836.0,2012.0,1362251.0,35.188612893149966
Italy,39007077.0,2013.0,1396509.0,35.80142649499218
Italy,39223884.0,2014.0,1441797.0,36.7581395050016
Italy,39071616.0,2015.0,1496488.0,38.301154474900656
Italy,38898890.0,2016.0,1549655.0,39.838026226455305
Italy,38758774.0,2017.0,1610820.0,41.560138099311395
Italy,38621108.0,2018.0,1675099.0,43.372629288626314
Jamaica,1721518.0,2006.0,71195.0,41.35594283649663
Jamaica,1744998.0,2007.0,73219.0,41.9593604118744
Jamaica,1768906.0,2008.0,75356.0,42.60034168011189
Jamaica,1793981.0,2009.0,77413.0,43.15151609743916
Jamaica,1819694.0,2010.0,79433.0,43.651844760712514
Jamaica,1844051.0,2011.0,81330.0,44.10398627803678
Jamaica,1868182.0,2012.0,83276.0,44.57595673226698
Jamaica,1891553.0,2013.0,85224.0,45.05504207389377
Jamaica,1913524.0,2014.0,86999.0,45.465329935762504
Jamaica,1933815.0,2015.0,89226.0,46.139884115078225
Jamaica,1949955.0,2016.0,91770.0,47.06262452210436
Jamaica,1965510.0,2017.0,94503.0,48.0806508234504
Jamaica,1979654.0,2018.0,97662.0,49.33286321751175
Jamaica,1991455.0,2019.0,101484.0,50.95972542688637
Jamaica,2000681.0,2020.0,105448.0,52.70605358875303
Japan,84116655.0,2007.0,9000.0,0.10699426885198894
Japan,83563130.0,2008.0,14000.0,0.1675380039019601
Japan,82886937.0,2009.0,19000.0,0.22922791802524925
Japan,82153251.0,2010.0,26000.0,0.31648169346335425
Japan,81219621.0,2011.0,34000.0,0.41861805782127454
Japan,80252578.0,2012.0,43000.0,0.5358083325373049
Japan,79281609.0,2013.0,57000.0,0.7189561453022478
Japan,78362321.0,2014.0,75000.0,0.9570926312915106
Japan,77544929.0,2015.0,95000.0,1.2250962277623594
Japan,76823835.0,2016.0,115000.0,1.4969312583783405
Japan,76168000.0,2017.0,139000.0,1.8249133494380843
Japan,75571759.0,2018.0,165000.0,2.183355292815137
Japan,75032834.0,2019.0,192000.0,2.5588797565609744
Japan,74437254.0,2020.0,221000.0,2.968943480908095
Jordan,3504951.0,2006.0,14116.0,4.027445747458381
Jordan,3665972.0,2007.0,16307.0,4.448206369279417
Jordan,3849206.0,2008.0,18820.0,4.889320031196044
Jordan,4053346.0,2009.0,217715.0,53.71241438554715
Jordan,4276455.0,2010.0,25001.0,5.8461973760977255
Jordan,4524066.0,2011.0,28760.0,6.357113269346645
Jordan,4792490.0,2012.0,32901.0,6.865116046147201
Jordan,5068173.0,2013.0,37321.0,7.363797565710563
Jordan,5335525.0,2014.0,41677.0,7.811227573668945
Jordan,5584745.0,2015.0,45331.0,8.116932823253345
Jordan,5804859.0,2016.0,48990.0,8.439481475777447
Jordan,5999064.0,2017.0,53165.0,8.862215839004218
Jordan,6169333.0,2018.0,56664.0,9.184785454116353
Jordan,6318040.0,2019.0,59741.0,9.455622313249044
Jordan,6447615.0,2020.0,62519.0,9.696453649915512
Kazakhstan,10430083.0,2006.0,180522.0,17.30782008158516
Kazakhstan,10605282.0,2007.0,200261.0,18.88313766668345
Kazakhstan,10860235.0,2008.0,214196.0,19.722961795946404
Kazakhstan,11115952.0,2009.0,217436.0,19.56071778647479
Kazakhstan,11283976.0,2010.0,218143.0,19.332104215748064
Kazakhstan,11387642.0,2011.0,232366.0,20.40510230300531
Kazakhstan,11475051.0,2012.0,247770.0,21.59206089803
Kazakhstan,11551018.0,2013.0,267371.0,23.14696418964978
Kazakhstan,11617712.0,2014.0,282443.0,24.31141346936471
Kazakhstan,11673506.0,2015.0,293125.0,25.110279636640442
Kazakhstan,11703874.0,2016.0,314708.0,26.889216339820475
Kazakhstan,11715232.0,2017.0,342712.0,29.25353932384779
Kazakhstan,11723906.0,2018.0,366176.0,31.233276691232426
Kazakhstan,11749963.0,2019.0,399082.0,33.96453248405974
Kazakhstan,11806487.0,2020.0,440293.0,37.29246472723004
"Korea, Rep.",35092206.0,2006.0,335121.0,9.54972736681188
"Korea, Rep.",35357898.0,2007.0,353292.0,9.99188356728672
"Korea, Rep.",35733681.0,2008.0,378095.0,10.580913844280413
"Korea, Rep.",36019548.0,2009.0,397970.0,11.048722765760413
"Korea, Rep.",36276129.0,2010.0,417973.0,11.521984608666488
"Korea, Rep.",36594976.0,2011.0,436423.0,11.925762705787811
"Korea, Rep.",36823182.0,2012.0,459856.0,12.488220056593697
"Korea, Rep.",37017029.0,2013.0,494047.0,13.346478994843158
"Korea, Rep.",37254974.0,2014.0,526280.0,14.1264358418288
"Korea, Rep.",37424014.0,2015.0,564685.0,15.088841084764452
"Korea, Rep.",37473059.0,2016.0,614175.0,16.389774851313845
"Korea, Rep.",37454263.0,2017.0,660873.0,17.64480053979436
"Korea, Rep.",37470606.0,2018.0,704005.0,18.788193604341494
"Korea, Rep.",37330545.0,2019.0,748732.0,20.05681942227203
Kosovo,1214796.0,2006.0,2925.0,2.407811681961416
Kosovo,1214796.0,2007.0,3783.0,3.114103108670098
Kosovo,1214796.0,2008.0,4659.0,3.835211838037004
Kosovo,1214796.0,2009.0,5517.0,4.541503264745686
Kosovo,1214796.0,2010.0,6488.0,5.340814424808774
Kosovo,1214796.0,2011.0,7594.0,6.251255354808545
Kosovo,1214796.0,2012.0,9060.0,7.458042337972795
Kosovo,1214796.0,2013.0,11030.0,9.079713795567322
Kosovo,1214796.0,2014.0,13147.0,10.822393224870677
Kosovo,1214796.0,2015.0,15686.0,12.912456083161288
Kosovo,1225209.0,2016.0,19664.0,16.049506655599167
Kosovo,1184646.0,2017.0,24320.0,20.529339566419
Kosovo,1338581.0,2018.0,29686.0,22.17721602204125
Kosovo,1338581.0,2019.0,35272.0,26.35029183889507
Kosovo,1222104.0,2020.0,41040.0,33.58143005832564
Kyrgyz Republic,3340049.0,2006.0,4409.0,1.3200405143756873
Kyrgyz Republic,3402850.0,2007.0,5388.0,1.5833786384942032
Kyrgyz Republic,3461071.0,2008.0,5494.0,1.5873699210446708
Kyrgyz Republic,3520961.0,2009.0,4600.0,1.3064615029817144
Kyrgyz Republic,3572715.0,2010.0,4441.0,1.2430322597800272
Kyrgyz Republic,3613051.0,2011.0,5285.0,1.462752670803706
Kyrgyz Republic,3661332.0,2012.0,6129.0,1.6739809446398195
Latvia,1515875.0,2006.0,70775.0,46.68920590418075
Latvia,1501639.0,2007.0,81650.0,54.37392076258009
Latvia,1483833.0,2008.0,89389.0,60.2419544517476
Latvia,1455985.0,2009.0,94932.0,65.20122116642685
Latvia,1420719.0,2010.0,105048.0,73.94002614169304
Latvia,1386771.0,2011.0,119711.0,86.32355305958951
Latvia,1360772.0,2012.0,133045.0,97.77170606097127
Latvia,1336809.0,2013.0,146026.0,109.23475230941743
Latvia,1314303.0,2014.0,156399.0,118.9976740523304
Latvia,1293047.0,2015.0,162655.0,125.79202457451277
Latvia,1275493.0,2016.0,163980.0,128.56205404498496
Latvia,1254506.0,2017.0,159198.0,126.9009474645797
Latvia,1232632.0,2018.0,150131.0,121.7970975927933
Latvia,1212516.0,2019.0,137565.0,113.45417297586175
Latvia,1195703.0,2020.0,135457.0,113.28649338506301
Lesotho,1169206.0,2006.0,11349.0,9.706587205334218
Lesotho,1175640.0,2007.0,12391.0,10.539791092511313
Lesotho,1184602.0,2008.0,13788.0,11.6393522887856
Lesotho,1194897.0,2009.0,15289.0,12.795245113177119
Lesotho,1205899.0,2010.0,17009.0,14.104829674790343
Lesotho,1214902.0,2011.0,18584.0,15.29670705949945
Lesotho,1225835.0,2012.0,20379.0,16.624586506340577
Lesotho,1239098.0,2013.0,22411.0,18.08654359864999
Lesotho,1254813.0,2014.0,24344.0,19.40050031359254
Lesotho,1272385.0,2015.0,26916.0,21.15397462246097
Lesotho,1285193.0,2016.0,29217.0,22.73355052509623
Lesotho,1299803.0,2017.0,31660.0,24.35753725756903
Lesotho,1315228.0,2018.0,35385.0,26.904080509234902
Lesotho,1330571.0,2019.0,34532.0,25.95276764637137
Lesotho,1345616.0,2020.0,35385.0,26.296506581372398
Liechtenstein*,24088.0,2008.0,85.0,3.5287279973430756
Liechtenstein*,24137.0,2009.0,84.0,3.480134233749016
Liechtenstein*,24279.0,2010.0,87.0,3.583343630297788
Liechtenstein*,24421.0,2011.0,106.0,4.3405265959624915
Liechtenstein*,24565.0,2012.0,127.0,5.169957256258905
Liechtenstein*,24709.0,2013.0,161.0,6.5158444291553685
Liechtenstein*,24854.0,2014.0,174.0,7.000885169389233
Liechtenstein*,24956.0,2015.0,197.0,7.893893252123737
Liechtenstein*,25670.0,2016.0,232.0,9.037787300350605
Liechtenstein*,25848.0,2017.0,345.0,13.347260909935006
Liechtenstein*,25848.0,2018.0,501.0,19.382544103992572
Lithuania,2203368.0,2006.0,61568.0,27.942676847444456
Lithuania,2182569.0,2007.0,67095.0,30.741296151461878
Lithuania,2165656.0,2008.0,72619.0,33.53210297480302
Lithuania,2146413.0,2009.0,77042.0,35.89337187204886
Lithuania,2105015.0,2010.0,86239.0,40.968354144744815
Lithuania,2052782.0,2011.0,92842.0,45.22740359180858
Lithuania,2019161.0,2012.0,102270.0,50.64975006945954
Lithuania,1991560.0,2013.0,108677.0,54.56878025266625
Lithuania,1966235.0,2014.0,115366.0,58.67355631447919
Lithuania,1938149.0,2015.0,119961.0,61.89462213689453
Lithuania,1904209.0,2016.0,120278.0,63.164285012832096
Lithuania,1865942.0,2017.0,124627.0,66.79039327053037
Lithuania,1832561.0,2018.0,128124.0,69.91527157895426
Lithuania,1807978.0,2019.0,131869.0,72.9372813164762
Lithuania,1785928.0,2020.0,135295.0,75.75613350594202
Luxembourg,339213.0,2009.0,43458.0,128.11419373667874
Luxembourg,346568.0,2010.0,46319.0,133.6505389995614
Luxembourg,355809.0,2011.0,49419.0,138.89193359358532
Luxembourg,365858.0,2012.0,52706.0,144.06135713856196
Luxembourg,375779.0,2013.0,56072.0,149.2153632853353
Luxembourg,386096.0,2014.0,60182.0,155.87315071899215
Luxembourg,396603.0,2015.0,64260.0,162.0260058547212
Luxembourg,405770.0,2016.0,67886.0,167.30167336175666
Luxembourg,416411.0,2017.0,70792.0,170.00511513864907
Luxembourg,425188.0,2018.0,75185.0,176.82766211652256
Luxembourg,434111.0,2019.0,78917.0,181.78991087532913
Luxembourg,442919.0,2020.0,76510.0,172.7403881973905
Madagascar,13012457.0,2014.0,11107.0,0.85356670150764
Madagascar,13455384.0,2015.0,12650.0,0.9401441088563508
Madagascar,13897810.0,2016.0,14222.0,1.0233266967961139
Madagascar,14344418.0,2017.0,16126.0,1.1242003683941726
Madagascar,14797535.0,2018.0,18007.0,1.2168918674630604
Malaysia,17145977.0,2006.0,756245.0,44.106264694044555
Malaysia,17573459.0,2007.0,799582.0,45.499409080477555
Malaysia,18016934.0,2008.0,841205.0,46.68968649160839
Malaysia,18472321.0,2009.0,882243.0,47.760267916522245
Malaysia,18927789.0,2010.0,927045.0,48.97798681082085
Malaysia,19364284.0,2011.0,972500.0,50.22132499192844
Malaysia,19763743.0,2012.0,1017941.0,51.505476467691366
Malaysia,20139068.0,2013.0,1064262.0,52.84564310523208
Malaysia,20504718.0,2014.0,1113465.0,54.30286824720047
Malaysia,20867238.0,2015.0,1162975.0,55.73210024249496
Malaysia,21197148.0,2016.0,1209530.0,57.06097820329414
Malaysia,21531344.0,2017.0,1261615.0,58.594345062714154
Malaysia,21859364.0,2018.0,1313337.0,60.0812082181348
Malaysia,22168121.0,2019.0,1362760.0,61.47386149687653
Malaysia,22451709.0,2020.0,1410593.0,62.82786758014724
Maldives,214781.0,2006.0,1512.0,7.039728840074308
Maldives,224346.0,2007.0,1793.0,7.992119315699856
Maldives,234026.0,2008.0,2088.0,8.922085580234674
Maldives,244585.0,2009.0,2384.0,9.747122677187889
Maldives,256571.0,2010.0,2683.0,10.457144416165507
Maldives,271295.0,2011.0,3013.0,11.105991632724525
Maldives,287632.0,2012.0,3348.0,11.639873171274406
Maldives,305023.0,2013.0,3763.0,12.33677460388233
Maldives,322806.0,2014.0,4442.0,13.760586854023778
Maldives,340473.0,2015.0,5333.0,15.66350342024184
Maldives,358509.0,2016.0,6508.0,18.152961292464067
Maldives,376402.0,2017.0,7714.0,20.494046259052823
Maldives,392702.0,2018.0,8776.0,22.347734414390555
Maldives,405913.0,2019.0,10034.0,24.719582767735943
Maldives,415173.0,2020.0,11182.0,26.93335067550154
Malta,280404.0,2006.0,40533.0,144.55214618907004
Malta,282419.0,2007.0,43196.0,152.9500493946937
Malta,284800.0,2008.0,45936.0,161.2921348314607
Malta,286804.0,2009.0,48518.0,169.16779403355602
Malta,287325.0,2010.0,51523.0,179.31958583485599
Malta,287186.0,2011.0,54848.0,190.9842401788388
Malta,288023.0,2012.0,58784.0,204.09481187266294
Malta,289937.0,2013.0,63261.0,218.18877894163217
Malta,293398.0,2014.0,68275.0,232.70438107962562
Malta,298101.0,2015.0,73647.0,247.05385087604537
Malta,302415.0,2016.0,78772.0,260.4764975282311
Malta,308331.0,2017.0,84048.0,272.59017095264505
Malta,316821.0,2018.0,89575.0,282.7306270733316
Malta,326905.0,2019.0,93747.0,286.77138618253014
Malta,337770.0,2020.0,97143.0,287.6010302868816
Mauritania,2351039.0,2016.0,1217.0,0.5176434759270263
Mauritania,2424230.0,2017.0,2339.0,0.9648424448175297
Mauritania,2500011.0,2018.0,3298.0,1.3191941955455395
Mauritius*,850041.0,2006.0,40491.0,47.63417293989348
Mauritius*,858837.0,2007.0,47916.0,55.79172765029918
Mauritius*,867995.0,2008.0,56271.0,64.8287144511201
Mauritius*,875401.0,2009.0,62729.0,71.65744613040195
Mauritius*,880629.0,2010.0,67921.0,77.12782567914525
Mauritius*,885203.0,2011.0,69442.0,78.44754254108945
Mauritius*,888850.0,2012.0,76853.0,86.46340777409011
Mauritius*,890511.0,2013.0,40691.0,45.69398918149242
Mauritius*,891403.0,2014.0,45199.0,50.70546094190843
Mauritius*,891976.0,2015.0,50678.0,56.815430011569816
Mauritius*,892710.0,2016.0,58313.0,65.32132495435248
Mauritius*,893967.0,2017.0,66951.0,74.8920262157328
Mauritius*,894976.0,2018.0,75222.0,84.04918120709381
Mauritius*,895384.0,2019.0,70301.0,78.51491650509726
Mauritius*,894816.0,2020.0,78320.0,87.5263741372528
Mexico,67617392.0,2006.0,266439.0,3.940391548967165
Mexico,69038033.0,2007.0,292776.0,4.240792897445384
Mexico,70515912.0,2008.0,320002.0,4.538011222204712
Mexico,71989500.0,2009.0,358583.0,4.981045846963793
Mexico,73417829.0,2010.0,403904.0,5.50144298055994
Mexico,74830472.0,2011.0,448690.0,5.9960867278773815
Mexico,76177534.0,2012.0,479718.0,6.297368460365231
Mexico,77469712.0,2013.0,522280.0,6.741731529865504
Mexico,78734900.0,2014.0,565897.0,7.18737180081514
Mexico,79986921.0,2015.0,612071.0,7.65213852899776
Mexico,81180237.0,2016.0,657327.0,8.097130832470963
Mexico,82377996.0,2017.0,1121248.0,13.611013309913487
Mexico,83562863.0,2018.0,1205151.0,14.42208843418876
Mexico,84707882.0,2019.0,1289471.0,15.222562169598337
Mexico,85800403.0,2020.0,1357585.0,15.822594679421261
Mongolia,1742807.0,2006.0,19782.0,11.350654432762779
Mongolia,1780279.0,2007.0,31516.0,17.702843206036803
Mongolia,1814728.0,2008.0,41142.0,22.671166147213246
Mongolia,1848130.0,2009.0,48231.0,26.09719013272876
Mongolia,1881449.0,2010.0,56958.0,30.27347539051019
Mongolia,1909673.0,2011.0,68082.0,35.651129800756465
Mongolia,1938532.0,2012.0,79168.0,40.83915044992809
Mongolia,1966716.0,2013.0,91531.0,46.540018996133654
Mongolia,1993018.0,2014.0,103613.0,51.98799007334605
Mongolia,2017159.0,2015.0,111228.0,55.14091848981661
Mongolia,2036934.0,2016.0,118520.0,58.18548858234975
Mongolia,2056856.0,2017.0,130421.0,63.407939107064365
Mongolia,2076709.0,2018.0,141453.0,68.11402078962435
Mongolia,2096757.0,2019.0,153387.0,73.1543998660789
Mongolia,2117604.0,2020.0,165330.0,78.07408750644596
Montenegro,411232.0,2006.0,14597.0,35.49577853863513
Montenegro,412999.0,2007.0,18449.0,44.67081034094514
Montenegro,415282.0,2008.0,21263.0,51.2013523340766
Montenegro,417760.0,2009.0,22619.0,54.14352738414401
Montenegro,419905.0,2010.0,24063.0,57.30581917338446
Montenegro,420637.0,2011.0,25518.0,60.665134070469314
Montenegro,421284.0,2012.0,27171.0,64.4956846213006
Montenegro,421830.0,2013.0,28926.0,68.57264774909324
Montenegro,421953.0,2014.0,30897.0,73.22379506722312
Montenegro,421318.0,2015.0,32198.0,76.42208498094077
Montenegro,420209.0,2016.0,33494.0,79.70795485103842
Montenegro,418247.0,2017.0,35511.0,84.90437468768455
Montenegro,415744.0,2018.0,38963.0,93.71873075738917
Montenegro,413404.0,2019.0,41447.0,100.25785914021151
Montenegro,411488.0,2020.0,43612.0,105.98607978847501
Morocco,19673838.0,2006.0,128400.0,6.526433733977072
Morocco,20034751.0,2007.0,152272.0,7.600393935517342
Morocco,20409134.0,2008.0,177384.0,8.691402584744655
Morocco,20778933.0,2009.0,202939.0,9.766574635954598
Morocco,21134003.0,2010.0,228895.0,10.830650492478874
Morocco,21506040.0,2011.0,256463.0,11.925161489516432
Morocco,21860228.0,2012.0,286177.0,13.091217529844611
Morocco,22196314.0,2013.0,315558.0,14.216684806315138
Morocco,22521348.0,2014.0,345889.0,15.358272515481756
Morocco,22838672.0,2015.0,376538.0,16.486860531995905
Morocco,23119709.0,2016.0,408998.0,17.690447574405024
Morocco,23410351.0,2017.0,442135.0,18.886303755120974
Morocco,23700192.0,2018.0,480556.0,20.276460207579753
Morocco,23972902.0,2019.0,523244.0,21.82647724501606
Morocco,24222688.0,2020.0,572930.0,23.652618569830068
Myanmar,31710390.0,2006.0,5008.0,0.157929309604833
Myanmar,31997695.0,2007.0,5546.0,0.17332498481531247
Myanmar,32294220.0,2008.0,6250.0,0.1935330842485126
Myanmar,32613841.0,2009.0,7007.0,0.21484743241374116
Myanmar,32965688.0,2010.0,8193.0,0.24853113940773813
Myanmar,33408573.0,2011.0,10137.0,0.3034251118717342
Myanmar,33876291.0,2012.0,13215.0,0.3900958342812677
Myanmar,34359029.0,2013.0,17291.0,0.5032447220787293
Myanmar,34840105.0,2014.0,21812.0,0.6260601108980585
Myanmar,35303511.0,2015.0,26577.0,0.7528146421470657
Myanmar,35708535.0,2016.0,33240.0,0.9308698886694736
Myanmar,36082447.0,2017.0,40798.0,1.1306882817565007
Myanmar,36438038.0,2018.0,54849.0,1.5052676546415589
Nepal,14844766.0,2006.0,52577.0,3.541787051409231
Nepal,15142058.0,2007.0,59709.0,3.943255269528092
Nepal,15412293.0,2008.0,68219.0,4.426271937602016
Nepal,15650887.0,2009.0,78112.0,4.990899237851504
Nepal,15856476.0,2010.0,87862.0,5.5410798717192895
Nepal,15965957.0,2011.0,97862.0,6.129416482832817
Nepal,16059411.0,2012.0,108318.0,6.744830180882723
Nepal,16162565.0,2013.0,117677.0,7.280836921614855
Nepal,16304563.0,2014.0,129468.0,7.940599205265422
Nepal,16507814.0,2015.0,140604.0,8.517420901398573
Nepal,16924304.0,2016.0,159136.0,9.40280911994963
Nepal,17408259.0,2017.0,178404.0,10.24823906859382
Nepal,17941378.0,2018.0,202492.0,11.286312567518504
Netherlands Antilles,149358.0,2006.0,22342.0,149.5868985926432
Netherlands Antilles,150708.0,2007.0,22113.0,146.72744645274304
Netherlands Antilles,152161.0,2008.0,22261.0,146.29898594252143
Netherlands Antilles,153617.0,2009.0,21751.0,141.59240188260412
Netherlands Antilles,154723.0,2010.0,21139.0,136.62480691299936
Netherlands Antilles,155837.0,2011.0,21049.0,135.0706186592401
Netherlands Antilles,156959.0,2012.0,20783.0,132.41037468383462
Netherlands Antilles,158089.0,2013.0,20506.0,129.7117446501654
Netherlands Antilles,159227.0,2014.0,20126.0,126.39816111589114
Netherlands Antilles,160373.0,2015.0,19648.0,122.51438833220055
Netherlands Antilles,161528.0,2016.0,19276.0,119.33534743202418
New Zealand,2781336.0,2006.0,453855.0,163.17877451699474
New Zealand,2809736.0,2007.0,495911.0,176.4973648769849
New Zealand,2834758.0,2008.0,519620.0,183.3031249933857
New Zealand,2862340.0,2009.0,534769.0,186.82930748967627
New Zealand,2891030.0,2010.0,558594.0,193.21625856528644
New Zealand,2902789.0,2011.0,553338.0,190.6228802713528
New Zealand,2909454.0,2012.0,556060.0,191.12177061400524
New Zealand,2922995.0,2013.0,547200.0,187.20524667336073
New Zealand,2962680.0,2014.0,557322.0,188.1141399003605
New Zealand,3013718.0,2015.0,570057.0,189.15406152798636
New Zealand,3073135.0,2016.0,577789.0,188.01289237212163
New Zealand,3126644.0,2017.0,593181.0,189.71811309506296
New Zealand,3170401.0,2018.0,616277.0,194.38455892488048
New Zealand,3208633.0,2019.0,640228.0,199.53294752001867
New Zealand,3264172.0,2020.0,668268.0,204.72818221588813
Nigeria,76180639.0,2006.0,580021.0,7.61375866117374
Nigeria,78070732.0,2007.0,626261.0,8.021712925658234
Nigeria,80071755.0,2008.0,690201.0,8.61978109509402
Nigeria,82171811.0,2009.0,755254.0,9.191156806803248
Nigeria,84365597.0,2010.0,820328.0,9.723489540410649
Nigeria,86485958.0,2011.0,892724.0,10.322184324997592
Nigeria,88719102.0,2012.0,973868.0,10.976982161068312
Nigeria,91078088.0,2013.0,1048529.0,11.512417783737401
Nigeria,93584269.0,2014.0,1120200.0,11.969960464188699
Nigeria,96245480.0,2015.0,1190641.0,12.370877053135379
Nigeria,98834061.0,2016.0,1266021.0,12.809561675301392
Nigeria,101616615.0,2017.0,1344561.0,13.231704283792567
Nigeria,104569626.0,2018.0,1430870.0,13.68341893084709
Nigeria,107654969.0,2019.0,1521618.0,14.134210563007084
Nigeria,110850172.0,2020.0,1619606.0,14.61076668424114
North Macedonia,1425328.0,2006.0,73100.0,51.28644073504485
North Macedonia,1434681.0,2007.0,77917.0,54.30963398832214
North Macedonia,1444427.0,2008.0,83148.0,57.56469520439593
North Macedonia,1453076.0,2009.0,85997.0,59.18272684980001
North Macedonia,1459821.0,2010.0,88117.0,60.361510075550356
North Macedonia,1465686.0,2011.0,89236.0,60.883436152081686
North Macedonia,1469138.0,2012.0,90779.0,61.790655472801056
North Macedonia,1470391.0,2013.0,91001.0,61.88898055007137
North Macedonia,1470161.0,2014.0,92256.0,62.752310801334005
North Macedonia,1468848.0,2015.0,94486.0,64.32660152718321
North Macedonia,1464073.0,2016.0,72976.0,49.84450911942232
North Macedonia,1459249.0,2017.0,69376.0,47.542263177840105
North Macedonia,1454171.0,2018.0,69238.0,47.61338247014966
North Macedonia,1448440.0,2019.0,69276.0,47.828008063848
North Macedonia,1441960.0,2020.0,69987.0,48.536020416655106
Norway,3066079.0,2006.0,192168.0,62.675488792036994
Norway,3106621.0,2007.0,203740.0,65.58250909911443
Norway,3152918.0,2008.0,211439.0,67.0613698167856
Norway,3198518.0,2009.0,213224.0,66.66337347484054
Norway,3241628.0,2010.0,215076.0,66.34814358711117
Norway,3279501.0,2011.0,219977.0,67.07636314183165
Norway,3317550.0,2012.0,235174.0,70.88785398863618
Norway,3351653.0,2013.0,250367.0,74.69955869536614
Norway,3383016.0,2014.0,264457.0,78.17196253284052
Norway,3410713.0,2015.0,277748.0,81.43399928402067
Norway,3434052.0,2016.0,291082.0,84.76342233606248
Norway,3456146.0,2017.0,310379.0,89.80494458278093
Norway,3474085.0,2018.0,320379.0,92.21967798715346
Norway,3492944.0,2019.0,333883.0,95.58784795862745
Norway,3508296.0,2020.0,349229.0,99.54376711657169
Oman,1724249.0,2006.0,17300.0,10.03335365135778
Oman,1818599.0,2007.0,21115.0,11.610585951053531
Oman,1919107.0,2008.0,25460.0,13.26658701156319
Oman,2036435.0,2009.0,29106.0,14.292624120092219
Oman,2178348.0,2010.0,32917.0,15.110992366692559
Oman,2373092.0,2011.0,38033.0,16.026770137862332
Oman,2593623.0,2012.0,43124.0,16.62693460074961
Oman,2823602.0,2013.0,47605.0,16.85967073263158
Oman,3042674.0,2014.0,51143.0,16.808570356206417
Oman,3238348.0,2015.0,57859.0,17.8668259248234
Oman,3395398.0,2016.0,65525.0,19.298179477045107
Oman,3528129.0,2017.0,71332.0,20.218081595089068
Oman,3639527.0,2018.0,76757.0,21.089828431002157
Oman,3737862.0,2019.0,83260.0,22.274765628051544
Oman,3830074.0,2020.0,89064.0,23.253858802728093
Pakistan,92399584.0,2006.0,30681.0,0.33204694947544355
Pakistan,95241842.0,2007.0,34037.0,0.357374440532135
Pakistan,98165302.0,2008.0,37495.0,0.3819577715963223
Pakistan,101152817.0,2009.0,39909.0,0.3945416567093727
Pakistan,104187043.0,2010.0,42777.0,0.4105788855145836
Pakistan,107101806.0,2011.0,46144.0,0.4308424080169106
Pakistan,110060746.0,2012.0,50072.0,0.45494876075072216
Pakistan,113060252.0,2013.0,54009.0,0.47770104032671007
Pakistan,116096389.0,2014.0,58689.0,0.5055195988912282
Pakistan,119164298.0,2015.0,64074.0,0.5376946037981947
Pakistan,122150863.0,2016.0,70790.0,0.57952926619929
Pakistan,125175221.0,2017.0,80414.0,0.6424114881331027
Pakistan,128222837.0,2018.0,93405.0,0.7284583790639416
Pakistan,131288856.0,2019.0,109363.0,0.8329953000732979
Pakistan,134372752.0,2020.0,129154.0,0.9611621260834191
Panama*,2610788.0,2016.0,731781.0,280.291237741249
Panama*,2659155.0,2017.0,738595.0,277.75552760181336
Panama*,2707987.0,2018.0,745616.0,275.33957880890864
Panama*,2756239.0,2019.0,754515.0,273.74803128466004
Panama*,2803151.0,2020.0,761107.0,271.5183734304716
Peru,17637164.0,2006.0,540693.0,30.656459281095305
Peru,17855679.0,2007.0,588254.0,32.944924693146646
Peru,18066513.0,2008.0,643928.0,35.642074372625196
Peru,18275481.0,2009.0,699807.0,38.29212484202194
Peru,18487502.0,2010.0,760054.0,41.11177378101163
Peru,18701547.0,2011.0,831349.0,44.45348825955414
Peru,18933056.0,2012.0,906559.0,47.88233869904573
Peru,19176446.0,2013.0,981301.0,51.17220365024885
Peru,19425194.0,2014.0,1055789.0,54.351529256284394
Peru,19681872.0,2015.0,1135320.0,57.683537419611305
Peru,20207763.0,2016.0,1211155.0,59.93513482912483
Peru,20698745.0,2017.0,1290668.0,62.354891564681814
Peru,21151623.0,2018.0,1370466.0,64.7924747902324
Peru,21571350.0,2019.0,1459248.0,67.64750467634154
Peru,21953512.0,2020.0,1542599.0,70.26661611135384
Philippines*,64449670.0,2015.0,330515.0,5.128265202909495
Philippines*,65635165.0,2016.0,356485.0,5.431311096726883
Philippines*,66884608.0,2017.0,378573.0,5.66009148173523
Philippines*,68165589.0,2018.0,373214.0,5.475108562474242
Philippines*,69420734.0,2019.0,395384.0,5.69547420803704
Philippines*,70620268.0,2020.0,403687.0,5.716305126454632
Poland,26938980.0,2006.0,122789.0,4.558041915469702
Poland,27036802.0,2007.0,134349.0,4.969115800012147
Poland,27130959.0,2008.0,144474.0,5.3250605701036955
Poland,27201173.0,2009.0,156520.0,5.754163616399926
Poland,27128349.0,2010.0,171979.0,6.339456927511512
Poland,27048558.0,2011.0,188514.0,6.969465802945946
Poland,26941406.0,2012.0,210344.0,7.807461867431863
Poland,26793429.0,2013.0,237244.0,8.854559078645739
Poland,26602465.0,2014.0,264013.0,9.924381067694291
Poland,26371771.0,2015.0,300467.0,11.393508611916888
Poland,26152707.0,2016.0,337886.0,12.919733318619752
Poland,25894815.0,2017.0,367471.0,14.190910419711436
Poland,25606338.0,2018.0,392668.0,15.334797189664528
Poland,25322105.0,2019.0,418499.0,16.527022536238594
Poland,25063789.0,2020.0,446750.0,17.8245196685944
Portugal,7058312.0,2006.0,592125.0,83.89045426158549
Portugal,7049027.0,2007.0,610889.0,86.66288269288796
Portugal,7041354.0,2008.0,601694.0,85.45146288625739
Portugal,7031896.0,2009.0,584774.0,83.16021738660525
Portugal,7017376.0,2010.0,593223.0,84.53629960828663
Portugal,6984656.0,2011.0,592367.0,84.80976013707762
Portugal,6932379.0,2012.0,593323.0,85.58721327844309
Portugal,6868294.0,2013.0,606851.0,88.35541984661694
Portugal,6804022.0,2014.0,604612.0,88.86097076111747
Portugal,6748422.0,2015.0,617207.0,91.45945526228205
Portugal,6707573.0,2016.0,614315.0,91.58528725665752
Portugal,6672042.0,2017.0,637203.0,95.50344557183543
Portugal,6642139.0,2018.0,653254.0,98.34994419719311
Portugal,6623451.0,2019.0,683469.0,103.18925889238102
Portugal,6613469.0,2020.0,703369.0,106.35401783844455
Puerto Rico,2270470.0,2015.0,16625.0,7.322272481028157
Puerto Rico,2218360.0,2016.0,20497.0,9.239708613570384
Puerto Rico,2155672.0,2017.0,25694.0,11.919253021795523
Puerto Rico,2059364.0,2018.0,30569.0,14.843903263337612
Puerto Rico,2045310.0,2019.0,37951.0,18.555133451652807
Puerto Rico,2025668.0,2020.0,48057.0,23.7240258522127
Romania,14647869.0,2006.0,765202.0,52.23981727307911
Romania,14422200.0,2007.0,742209.0,51.462952947539215
Romania,14152524.0,2008.0,912216.0,64.45606451541788
Romania,13998668.0,2009.0,919703.0,65.69932224980263
Romania,13880704.0,2010.0,925282.0,66.65958729470782
Romania,13770831.0,2011.0,940404.0,68.28956073892708
Romania,13677968.0,2012.0,947512.0,69.27286275271298
Romania,13597261.0,2013.0,949743.0,69.84811132183165
Romania,13503208.0,2014.0,957409.0,70.90233668917786
Romania,13377211.0,2015.0,971727.0,72.64047789931698
Romania,13230919.0,2016.0,983064.0,74.3005077727405
Romania,13059559.0,2017.0,1031280.0,78.96744445964829
Romania,12877502.0,2018.0,1083244.0,84.11910943597601
Romania,12714770.0,2019.0,1137968.0,89.49969209037994
Romania,12583904.0,2020.0,1187681.0,94.38096476260468
Russian Federation,101933930.0,2006.0,2244695.0,22.021077770669688
Russian Federation,102218499.0,2007.0,2615804.0,25.590319028261217
Russian Federation,102575819.0,2008.0,3007145.0,29.31631479345049
Russian Federation,102808860.0,2009.0,3242594.0,31.54002485777977
Russian Federation,102803549.0,2010.0,3477933.0,33.8308651192577
Russian Federation,102546469.0,2011.0,3562329.0,34.738680275768445
Russian Federation,102128015.0,2012.0,3600128.0,35.25113065205468
Russian Federation,101568410.0,2013.0,3693451.0,36.36417071016471
Russian Federation,100929443.0,2014.0,3778274.0,37.43480482697205
Russian Federation,100247192.0,2015.0,3962627.0,39.52855856551074
Russian Federation,99343827.0,2016.0,3742114.0,37.66830927501917
Russian Federation,98406200.0,2017.0,3587250.0,36.45349581632051
Russian Federation,97394275.0,2018.0,3338503.0,34.27822631258356
Russian Federation,96392551.0,2019.0,3018916.0,31.318976089760294
Russian Federation,95294313.0,2020.0,2727921.0,28.626272797622246
Rwanda,4991311.0,2006.0,848.0,0.1698952439549449
Rwanda,5138938.0,2007.0,1162.0,0.22611675797606431
Rwanda,5291410.0,2008.0,1492.0,0.2819664323875867
Rwanda,5448744.0,2009.0,2902.0,0.5325998064875134
Rwanda,5610944.0,2010.0,6543.0,1.1661139373338962
Rwanda,5763753.0,2011.0,12582.0,2.1829526699010176
Rwanda,5926085.0,2012.0,21092.0,3.5591794582764167
Rwanda,6096535.0,2013.0,30383.0,4.983650549041382
Rwanda,6271286.0,2014.0,40381.0,6.439030208477177
Rwanda,6448492.0,2015.0,50265.0,7.794845678648589
Rwanda,6640772.0,2016.0,60218.0,9.067921621160915
Rwanda,6830837.0,2017.0,70075.0,10.258625699895928
Rwanda,7022730.0,2018.0,80476.0,11.459361245555503
Rwanda,7223330.0,2019.0,92793.0,12.846291115039739
Rwanda,7435405.0,2020.0,108783.0,14.630406817113526
Saudi Arabia,15692265.0,2006.0,36817.0,2.3461877555598254
Saudi Arabia,16359463.0,2007.0,39933.0,2.440972542925156
Saudi Arabia,17042003.0,2008.0,43771.0,2.5684187474911253
Saudi Arabia,17741430.0,2009.0,47865.0,2.697922320805031
Saudi Arabia,18462082.0,2010.0,52454.0,2.841174684415333
Saudi Arabia,19316606.0,2011.0,57702.0,2.9871707276112587
Saudi Arabia,20180982.0,2012.0,64417.0,3.1919655842317285
Saudi Arabia,21031110.0,2013.0,71657.0,3.407190585756054
Saudi Arabia,21835325.0,2014.0,79753.0,3.652475976428104
Saudi Arabia,22569169.0,2015.0,88884.0,3.9382929872163213
Saudi Arabia,23154558.0,2016.0,97309.0,4.202585080656689
Saudi Arabia,23678403.0,2017.0,105829.0,4.469431489953102
Saudi Arabia,24145688.0,2018.0,112532.0,4.660542288130286
Saudi Arabia,24577777.0,2019.0,151336.0,6.157432382920555
Saudi Arabia,24998205.0,2020.0,150949.0,6.038393556657368
Senegal,6045777.0,2006.0,8213.0,1.3584688948996961
Senegal,6214646.0,2007.0,11265.0,1.8126535284552008
Senegal,6389395.0,2008.0,12967.0,2.029456623044905
Senegal,6571680.0,2009.0,15209.0,2.3143244954106104
Senegal,6762208.0,2010.0,16994.0,2.5130844836479445
Senegal,6949178.0,2011.0,18809.0,2.706651060024653
Senegal,7147093.0,2012.0,20754.0,2.903837966009397
Senegal,7354600.0,2013.0,22871.0,3.109754439398472
Senegal,7570335.0,2014.0,25238.0,3.3338022689880966
Senegal,7794338.0,2015.0,28496.0,3.655987205071168
Senegal,8030114.0,2016.0,31915.0,3.974414310930081
Senegal,8278519.0,2017.0,35627.0,4.303547530663396
Senegal,8538782.0,2018.0,39630.0,4.641177160864395
Senegal,8810083.0,2019.0,43905.0,4.9834944801314585
Senegal,9092003.0,2020.0,48189.0,5.3001522326818415
Serbia,4974349.0,2007.0,88086.0,17.70804581664857
Serbia,4973412.0,2008.0,97101.0,19.524020933717136
Serbia,4967558.0,2009.0,104455.0,21.027434405395972
Serbia,4952679.0,2010.0,106912.0,21.586700854224553
Serbia,4910997.0,2011.0,104123.0,21.202008472006803
Serbia,4877059.0,2012.0,106157.0,21.766601552287966
Serbia,4836941.0,2013.0,112811.0,23.322798438103753
Serbia,4793306.0,2014.0,118643.0,24.751810128541763
Serbia,4745329.0,2015.0,124580.0,26.253184974108223
Serbia,4700815.0,2016.0,130764.0,27.817304020685775
Serbia,4653380.0,2017.0,136890.0,29.41732676033335
Serbia,4606042.0,2018.0,141847.0,30.795854662202384
Serbia,4564308.0,2019.0,125041.0,27.395390495119962
Serbia,4530026.0,2020.0,126328.0,27.886815660660666
Sierra Leone,4168178.0,2017.0,2207.0,0.5294879441329041
Sierra Leone,4282079.0,2018.0,4187.0,0.9777960658829508
Singapore*,3347294.0,2006.0,171129.0,51.12458003390201
Singapore*,3516747.0,2007.0,186021.0,52.89575849499552
Singapore*,3744457.0,2008.0,199594.0,53.30385687430781
Singapore*,3896763.0,2009.0,201831.0,51.79452791971182
Singapore*,3997725.0,2010.0,214478.0,53.65001344514693
Singapore*,4074425.0,2011.0,225142.0,55.257367604017745
Singapore*,4167133.0,2012.0,237849.0,57.07737190053689
Singapore*,4231259.0,2013.0,254627.0,60.17759725887732
Singapore*,4286418.0,2014.0,273804.0,63.87711137831169
Singapore*,4335049.0,2015.0,286553.0,66.10144429740009
Singapore*,4370443.0,2016.0,298501.0,68.29994121877347
Singapore*,4333088.0,2017.0,313448.0,72.3382493039606
Singapore*,4299961.0,2018.0,332650.0,77.36116676407065
Singapore*,4293383.0,2019.0,353146.0,82.25355156993913
Singapore*,4227243.0,2020.0,371794.0,87.95188731757318
Slovak Republic,3857447.0,2006.0,111004.0,28.776545730894032
Slovak Republic,3869817.0,2007.0,124631.0,32.20591568025051
Slovak Republic,3881205.0,2008.0,139225.0,35.871591425858725
Slovak Republic,3890304.0,2009.0,151484.0,38.93885927680716
Slovak Republic,3893288.0,2010.0,165981.0,42.6326025713998
Slovak Republic,3887870.0,2011.0,181127.0,46.58772026842462
Slovak Republic,3882636.0,2012.0,196696.0,50.66042760639936
Slovak Republic,3871841.0,2013.0,218994.0,56.56069037958945
Slovak Republic,3855758.0,2014.0,225137.0,58.38981595836668
Slovak Republic,3834363.0,2015.0,229188.0,59.77211860222937
Slovak Republic,3811923.0,2016.0,238945.0,62.68358516161003
Slovak Republic,3784686.0,2017.0,250251.0,66.12199796759889
Slovak Republic,3754166.0,2018.0,265148.0,70.62767069969735
Slovak Republic,3725177.0,2019.0,281910.0,75.67694098830741
Slovak Republic,3698210.0,2020.0,297077.0,80.32994340505272
Slovenia,1413518.0,2006.0,43288.0,30.624300504132243
Slovenia,1417132.0,2007.0,47246.0,33.33916671135787
Slovenia,1413361.0,2008.0,51398.0,36.36579755632142
Slovenia,1419821.0,2009.0,55228.0,38.897861068402285
Slovenia,1420088.0,2010.0,57159.0,40.25032251522441
Slovenia,1414614.0,2011.0,59408.0,41.995908424488945
Slovenia,1410613.0,2012.0,62553.0,44.34455091509861
Slovenia,1405720.0,2013.0,65397.0,46.522066983467546
Slovenia,1398718.0,2014.0,68104.0,48.690300689631506
Slovenia,1389102.0,2015.0,69543.0,50.06327829057909
Slovenia,1378214.0,2016.0,69891.0,50.7112828631838
Slovenia,1365356.0,2017.0,70598.0,51.70666111988375
Slovenia,1355732.0,2018.0,71017.0,52.382771816258675
Slovenia,1351354.0,2019.0,71380.0,52.82109647065092
Slovenia,1346723.0,2020.0,71996.0,53.46013990998892
Spain,30593189.0,2006.0,1786330.0,58.389793885168366
Spain,31079725.0,2007.0,1908817.0,61.416791815242895
Spain,31486311.0,2008.0,1962878.0,62.34067877942258
Spain,31675586.0,2009.0,2042203.0,64.47246153551824
Spain,31743266.0,2010.0,2099197.0,66.13046685240265
Spain,31656950.0,2011.0,2161987.0,68.29422922928457
Spain,31516639.0,2012.0,2223304.0,70.54381655353542
Spain,31273135.0,2013.0,2291859.0,73.28523347595309
Spain,31037663.0,2014.0,2363367.0,76.14513373638988
Spain,30861123.0,2015.0,2434730.0,78.89311092146582
Spain,30830121.0,2016.0,2511930.0,81.47648852886435
Spain,30821805.0,2017.0,2581405.0,83.7525576454721
Spain,30865221.0,2018.0,2650049.0,85.85874048982187
Spain,31002217.0,2019.0,2716258.0,87.61495992367256
Spain,31073481.0,2020.0,2770586.0,89.16239542006898
Sri Lanka,13466576.0,2008.0,7194.0,0.534211517463682
Sri Lanka,13546119.0,2009.0,11256.0,0.83093910514148
Sri Lanka,13613884.0,2010.0,17366.0,1.2756095174602633
Sri Lanka,13659777.0,2011.0,15025.0,1.0999447501961417
Sri Lanka,13618903.0,2012.0,32003.0,2.349895582632463
Sri Lanka,13661314.0,2013.0,37791.0,2.7662785585632537
Sri Lanka,13729471.0,2014.0,44465.0,3.238653550453619
Sri Lanka,13805689.0,2015.0,52048.0,3.7700400175608766
Sri Lanka,13916964.0,2016.0,60108.0,4.319045446981109
Sri Lanka,14039241.0,2017.0,69582.0,4.956250840056097
Sri Lanka,14156963.0,2018.0,80092.0,5.6574280797371586
Suriname,318616.0,2006.0,3453.0,10.837497175283099
Suriname,324055.0,2007.0,3561.0,10.988875345234606
Suriname,329706.0,2008.0,3730.0,11.313109254911952
Suriname,335361.0,2009.0,3883.0,11.5785675734507
Suriname,340878.0,2010.0,4095.0,12.013095594318202
Suriname,346192.0,2011.0,4495.0,12.984124416508758
Suriname,351307.0,2012.0,6232.0,17.73947003617918
Suriname,356276.0,2013.0,6824.0,19.153689835969868
Suriname,361209.0,2014.0,7319.0,20.262507301866787
Suriname,366153.0,2015.0,7731.0,21.114124423396778
Suriname,370627.0,2016.0,8254.0,22.270368861415925
Suriname,375172.0,2017.0,9114.0,24.292857675945967
Suriname,379710.0,2018.0,7824.0,20.605198704274315
Suriname,384124.0,2019.0,8770.0,22.83116910164426
Suriname,388349.0,2020.0,9661.0,24.87710796216805
Sweden,5925947.0,2006.0,309758.0,52.27147660956131
Sweden,5976743.0,2007.0,324782.0,54.340967982059794
Sweden,6032481.0,2008.0,339088.0,56.21037181882545
Sweden,6084170.0,2009.0,349897.0,57.509405555729046
Sweden,6121432.0,2010.0,371105.0,60.623886698406515
Sweden,6140587.0,2011.0,400972.0,65.2986432730291
Sweden,6145741.0,2012.0,425950.0,69.30815991106687
Sweden,6147937.0,2013.0,449542.0,73.12078832297729
Sweden,6159447.0,2014.0,475077.0,77.12981376412526
Sweden,6183010.0,2015.0,502876.0,81.33190792186977
Sweden,6228866.0,2016.0,534408.0,85.79539197022379
Sweden,6287411.0,2017.0,563949.0,89.69494757062962
Sweden,6341467.0,2018.0,589233.0,92.91745900435971
Sweden,6390995.0,2019.0,614968.0,96.22414037250851
Sweden,6424064.0,2020.0,649872.0,101.1621303897346
Switzerland,5091240.0,2006.0,279516.0,54.90135998302968
Switzerland,5142566.0,2007.0,292529.0,56.88385914735951
Switzerland,5210999.0,2008.0,304578.0,58.44906130283272
Switzerland,5275346.0,2009.0,315808.0,59.86488848314404
Switzerland,5324873.0,2010.0,324764.0,60.98999919810294
Switzerland,5375881.0,2011.0,337373.0,62.75678349278936
Switzerland,5421980.0,2012.0,349015.0,64.37039605457785
Switzerland,5469973.0,2013.0,361386.0,66.06723652932108
Switzerland,5520268.0,2014.0,374867.0,67.90739145273382
Switzerland,5566544.0,2015.0,387493.0,69.61105490228766
Switzerland,5604990.0,2016.0,399375.0,71.25347235231463
Switzerland,5637093.0,2017.0,412305.0,73.14142236078064
Switzerland,5659119.0,2018.0,424443.0,75.00160360649775
Switzerland,5678664.0,2019.0,436945.0,76.94503495892697
"Taiwan, China",16322782.0,2006.0,616740.0,37.784000300929094
"Taiwan, China",16447619.0,2007.0,596263.0,36.25223808990225
"Taiwan, China",16566872.0,2008.0,574179.0,34.65826258571926
"Taiwan, China",16683975.0,2009.0,575745.0,34.50886254624572
"Taiwan, China",16683975.0,2010.0,582574.0,34.91817747269461
"Taiwan, China",16683975.0,2011.0,592904.0,35.537334478144444
"Taiwan, China",16683975.0,2012.0,601428.0,36.04824389871119
"Taiwan, China",16220340.0,2013.0,616074.0,37.98157128642186
"Taiwan, China",16638140.0,2014.0,632807.0,38.033518169699256
"Taiwan, China",17365715.0,2015.0,651175.0,37.49773620032346
"Taiwan, China",17291830.0,2016.0,669860.0,38.738525650552894
"Taiwan, China",17211341.0,2017.0,690082.0,40.09460971112012
"Taiwan, China",17107188.0,2018.0,699561.0,40.89281067116349
"Taiwan, China",16985643.0,2019.0,699912.0,41.206093875869165
"Taiwan, China",16810525.0,2020.0,714638.0,42.51134333996113
Tajikistan,4077728.0,2006.0,6101.0,1.4961763020976386
Tajikistan,4205652.0,2007.0,6986.0,1.6610979700650457
Tajikistan,4333572.0,2008.0,8066.0,1.861282101693476
Tajikistan,4462896.0,2009.0,9921.0,2.2229960097658563
Tajikistan,4593410.0,2010.0,12099.0,2.6339908695283025
Tajikistan,4709898.0,2011.0,13341.0,2.832545418181031
Tajikistan,4830247.0,2012.0,14613.0,3.025311127981654
Tajikistan,4950131.0,2013.0,20168.0,4.074235611138372
Tajikistan,5065390.0,2014.0,21682.0,4.2804206586264835
Tajikistan,5175181.0,2015.0,22900.0,4.424966006019885
Tajikistan,5277119.0,2016.0,23884.0,4.525954408077589
Tajikistan,5378324.0,2017.0,24677.0,4.588232319213197
Tajikistan,5478148.0,2018.0,25508.0,4.656318157158222
Tanzania,20812604.0,2006.0,67404.0,3.2386144472839633
Tanzania,21401861.0,2007.0,71638.0,3.3472790053164068
Tanzania,22026441.0,2008.0,76995.0,3.4955715269661587
Tanzania,22675303.0,2009.0,82273.0,3.6283087374841254
Tanzania,23345453.0,2010.0,89331.0,3.8264838981706633
Tanzania,24031752.0,2011.0,87195.0,3.62832472638699
Tanzania,24753898.0,2012.0,105579.0,4.265146442794585
Tanzania,25514111.0,2013.0,114499.0,4.4876735074171314
Tanzania,26318920.0,2014.0,123525.0,4.693391674126445
Tanzania,27172514.0,2015.0,132673.0,4.882617780599911
Tanzania,28078281.0,2016.0,141257.0,5.0308279199855575
Tanzania,29024583.0,2017.0,148019.0,5.099780417172574
Tanzania,30015326.0,2018.0,153553.0,5.115819831508744
Thailand,49078487.0,2015.0,438278.0,8.930144892200936
Thailand,49209847.0,2016.0,465641.0,9.4623541503797
Thailand,49283767.0,2017.0,498074.0,10.106248574708179
Thailand,49302616.0,2018.0,529443.0,10.738639101827781
Togo,3402044.0,2009.0,660.0,0.19400101821140467
Togo,3498698.0,2010.0,1220.0,0.34870114539751645
Togo,3594867.0,2011.0,1943.0,0.5404928749797976
Togo,3696456.0,2012.0,2666.0,0.7212313632300776
Togo,3803351.0,2013.0,3403.0,0.8947372987662722
Togo,3915330.0,2014.0,4485.0,1.1454973144026173
Togo,4032230.0,2015.0,6189.0,1.534882682783472
Togo,4150527.0,2016.0,7849.0,1.8910851561741437
Togo,4273593.0,2017.0,9616.0,2.2500972834802
Togo,4401800.0,2018.0,12203.0,2.77227497841792
Togo,4535359.0,2019.0,15596.0,3.438757549292129
Togo,4674062.0,2020.0,20006.0,4.28021707884919
Tonga,58811.0,2009.0,564.0,9.590042679090647
Tonga,59139.0,2010.0,701.0,11.853430054617089
Tonga,59083.0,2011.0,817.0,13.82800467139448
Tonga,58734.0,2012.0,932.0,15.868151326318657
Tonga,58314.0,2013.0,1046.0,17.937373529512637
Tonga,58044.0,2014.0,1075.0,18.520432775136104
Tonga,58047.0,2015.0,1164.0,20.052715902630624
Tonga,58558.0,2016.0,1213.0,20.714505276819565
Trinidad and Tobago,926426.0,2006.0,28122.0,30.35536567410673
Trinidad and Tobago,931908.0,2007.0,31642.0,33.9539954587792
Trinidad and Tobago,936269.0,2008.0,35112.0,37.50204268217787
Trinidad and Tobago,939770.0,2009.0,37805.0,40.227928110069485
Trinidad and Tobago,942740.0,2010.0,41177.0,43.6780024184823
Trinidad and Tobago,945608.0,2011.0,45002.0,47.590544919247726
Trinidad and Tobago,948326.0,2012.0,48448.0,51.08791702431442
Trinidad and Tobago,950761.0,2013.0,52782.0,55.51552913928948
Trinidad and Tobago,952821.0,2014.0,57464.0,60.309334072191945
Trinidad and Tobago,954488.0,2015.0,62629.0,65.61528274844733
Trinidad and Tobago,955607.0,2016.0,66970.0,70.08111074950267
Trinidad and Tobago,956343.0,2017.0,70847.0,74.08116125699671
Trinidad and Tobago,956843.0,2018.0,74962.0,78.3430510543527
Trinidad and Tobago,957236.0,2019.0,79473.0,83.02341324396492
Trinidad and Tobago,957576.0,2020.0,83817.0,87.53038923281285
Tunisia,6905237.0,2006.0,56055.0,8.11775178752011
Tunisia,7027305.0,2007.0,62262.0,8.860011056870308
Tunisia,7146399.0,2008.0,68954.0,9.648775558151735
Tunisia,7257783.0,2009.0,76177.0,10.495904878941682
Tunisia,7357532.0,2010.0,86216.0,11.718059805924051
Tunisia,7436917.0,2011.0,88561.0,11.908294794738195
Tunisia,7503265.0,2012.0,99161.0,13.21571342608851
Tunisia,7559740.0,2013.0,109559.0,14.492429633823386
Tunisia,7611874.0,2014.0,119076.0,15.643453898474935
Tunisia,7663296.0,2015.0,128757.0,16.801778242677827
Tunisia,7706137.0,2016.0,137574.0,17.852524552833668
Tunisia,7755992.0,2017.0,146735.0,18.91892100971739
Tunisia,7808154.0,2018.0,145920.0,18.688155996923214
Tunisia,7856564.0,2019.0,158511.0,20.17561366521039
Turkey,51304360.0,2014.0,794179.0,15.479756496328967
Turkey,52246676.0,2015.0,858269.0,16.427246012741556
Turkey,53185895.0,2016.0,910101.0,17.111698505778648
Turkey,54138362.0,2017.0,852118.0,15.73963394016243
Turkey,55058658.0,2018.0,925469.0,16.80878237170256
Turkey,55883565.0,2019.0,996975.0,17.840218318212163
Turkey,56572012.0,2020.0,1062945.0,18.789238042302614
Uganda,13838299.0,2006.0,76153.0,5.503060744676785
Uganda,14314634.0,2007.0,83632.0,5.842412736504476
Uganda,14816819.0,2008.0,92008.0,6.209699936268372
Uganda,15345306.0,2009.0,101494.0,6.614009521869424
Uganda,15901551.0,2010.0,111984.0,7.042331908377994
Uganda,16468498.0,2011.0,126865.0,7.703495485744966
Uganda,17068075.0,2012.0,143551.0,8.410497375948957
Uganda,17709557.0,2013.0,158960.0,8.9759444575604
Uganda,18405460.0,2014.0,175717.0,9.547003986860421
Uganda,19162280.0,2015.0,194104.0,10.129483547886785
Uganda,19993004.0,2016.0,212154.0,10.611411871872782
Uganda,20896060.0,2017.0,229577.0,10.986616615763928
Uganda,21846708.0,2018.0,248439.0,11.371919284131963
Ukraine,32576986.0,2006.0,234703.0,7.2045645966143095
Ukraine,32472880.0,2007.0,269193.0,8.289779040232958
Ukraine,32383057.0,2008.0,296250.0,9.14830245952382
Ukraine,32296072.0,2009.0,315130.0,9.75753336195188
Ukraine,32185923.0,2010.0,343153.0,10.661586433298805
Ukraine,31986098.0,2011.0,373770.0,11.685389071214626
Ukraine,31831484.0,2012.0,401060.0,12.599475412456423
Ukraine,31674445.0,2013.0,433370.0,13.682007687901082
Ukraine,31410583.0,2014.0,465856.0,14.831179669603713
Ukraine,31186380.0,2015.0,503455.0,16.143425431229915
Ukraine,30905273.0,2016.0,551357.0,17.840224223225597
Ukraine,30581925.0,2017.0,576554.0,18.852770059438704
Ukraine,30233050.0,2018.0,632231.0,20.911915933060012
United Arab Emirates,4380865.0,2006.0,61972.0,14.146064761183009
United Arab Emirates,5185748.0,2007.0,70750.0,13.643161989360069
United Arab Emirates,6026774.0,2008.0,79834.0,13.246556117750558
United Arab Emirates,6781156.0,2009.0,86797.0,12.79973503042844
United Arab Emirates,7366517.0,2010.0,95420.0,12.953204343382362
United Arab Emirates,7679368.0,2011.0,105064.0,13.68133419312631
United Arab Emirates,7826617.0,2012.0,116444.0,14.877947905206042
United Arab Emirates,7855947.0,2013.0,129228.0,16.44970364489475
United Arab Emirates,7847461.0,2014.0,144889.0,18.463169170257743
United Arab Emirates,7864453.0,2015.0,161514.0,20.537219816813707
United Arab Emirates,7921959.0,2016.0,178249.0,22.50062137408184
United Arab Emirates,8012980.0,2017.0,194534.0,24.27735998342689
United Arab Emirates,8120011.0,2018.0,212441.0,26.162649287051458
United Arab Emirates,8220025.0,2019.0,235034.0,28.592857077685288
United Arab Emirates,8300173.0,2020.0,254084.0,30.611892065382253
United Kingdom,40196873.0,2006.0,2384235.0,59.31394215664487
United Kingdom,40539197.0,2007.0,2620658.0,64.64503971304612
United Kingdom,40859642.0,2008.0,2774566.0,67.90480445227591
United Kingdom,41134819.0,2009.0,2822606.0,68.61841302863154
United Kingdom,41384859.0,2010.0,2692659.0,65.0638679232905
United Kingdom,41523732.0,2011.0,2751655.0,66.26704459030802
United Kingdom,41622578.0,2012.0,2930049.0,70.39566362275781
United Kingdom,41706559.0,2013.0,3125247.0,74.93418481251355
United Kingdom,41823572.0,2014.0,3334908.0,79.73752218007586
United Kingdom,41980393.0,2015.0,3493654.0,83.22108847337375
United Kingdom,42156712.0,2016.0,3934500.0,93.33033373190965
United Kingdom,42326458.0,2017.0,4091429.0,96.66362822043838
United Kingdom,42485474.0,2018.0,4258699.0,100.23894284432369
United Kingdom,42638638.0,2019.0,4416454.0,103.57868372812472
United Kingdom,42795559.0,2020.0,4776447.0,111.61080989735407
Uruguay,2091286.0,2006.0,32801.0,15.684607461628874
Uruguay,2102460.0,2007.0,35461.0,16.866432655080242
Uruguay,2116049.0,2008.0,38141.0,18.024629864431304
Uruguay,2130063.0,2009.0,39982.0,18.77033683980239
Uruguay,2143085.0,2010.0,42819.0,19.980075451976937
Uruguay,2155409.0,2011.0,46052.0,21.365782549854806
Uruguay,2166598.0,2012.0,51620.0,23.825370465587064
Uruguay,2177012.0,2013.0,55886.0,25.67096552522448
Uruguay,2187514.0,2014.0,60004.0,27.430224446563543
Uruguay,2198419.0,2015.0,68178.0,31.012286556839257
Uruguay,2207436.0,2016.0,71282.0,32.29176293219826
Uruguay,2217418.0,2017.0,74757.0,33.713535291947665
Uruguay,2227465.0,2018.0,77742.0,34.901558498113324
Uruguay,2236302.0,2019.0,81314.0,36.360920841639455
Uruguay,2243239.0,2020.0,86403.0,38.51707285759565
Uzbekistan,16807380.0,2006.0,47387.0,2.819416232631142
Uzbekistan,17271933.0,2007.0,52624.0,3.0467927359375464
Uzbekistan,17760358.0,2008.0,57818.0,3.255452395723104
Uzbekistan,18255198.0,2009.0,66653.0,3.6511792422081646
Uzbekistan,18953212.0,2010.0,76388.0,4.0303458854361995
Uzbekistan,19578460.0,2011.0,87864.0,4.487789131525156
Uzbekistan,19980914.0,2012.0,94957.0,4.7523852011975025
Uzbekistan,20389210.0,2013.0,104913.0,5.145515691878204
Uzbekistan,20787251.0,2014.0,115395.0,5.551239074373037
Uzbekistan,21153834.0,2015.0,124063.0,5.8647997332303925
Uzbekistan,21487722.0,2016.0,132629.0,6.172315520463267
Uzbekistan,21770618.0,2017.0,148906.0,6.83976908694094
Uzbekistan,22045919.0,2018.0,177141.0,8.035092572008452
Uzbekistan,22366854.0,2019.0,230175.0,10.290897414540284
Uzbekistan,22733880.0,2020.0,287377.0,12.640913033762825
Vanuatu*,123437.0,2006.0,583.0,4.7230571060541005
Vanuatu*,126931.0,2007.0,655.0,5.1602839337908
Vanuatu*,130067.0,2008.0,721.0,5.543296916204725
Vanuatu*,133231.0,2009.0,744.0,5.584285939458534
Vanuatu*,136723.0,2010.0,831.0,6.077982490144306
Vanuatu*,140049.0,2011.0,905.0,6.462024005883655
Vanuatu*,144096.0,2012.0,975.0,6.766322451698867
Vanuatu*,148207.0,2013.0,1029.0,6.942991896469128
Vanuatu*,151869.0,2014.0,1117.0,7.355023079101067
Vanuatu*,155094.0,2015.0,1200.0,7.737243220240628
Vanuatu*,159758.0,2016.0,1330.0,8.325091701198064
Vanuatu*,164059.0,2017.0,1498.0,9.13086145837778
Vanuatu*,168322.0,2018.0,1564.0,9.29171468970188
Zambia,9899869.0,2020.0,185627.0,18.750450132218923
Zimbabwe,7114894.0,2011.0,112710.0,15.841416611407002
Zimbabwe,7215013.0,2012.0,122201.0,16.937045019877303
Zimbabwe,7321283.0,2013.0,131983.0,18.027304777045224
Zimbabwe,7430927.0,2014.0,141448.0,19.035040984792342
Zimbabwe,7543272.0,2015.0,150503.0,19.951951885070564
Zimbabwe,7642765.0,2016.0,158627.0,20.755184805499056
Zimbabwe,7759792.0,2017.0,168145.0,21.66875091497298
Zimbabwe,7892169.0,2018.0,184955.0,23.43525588466238
Zimbabwe,8034692.0,2019.0,209983.0,26.134542556205016
Zimbabwe,8185716.0,2020.0,230256.0,28.12899934471218
